Workbook
Name dd: FoodLibrary[Food Name]
Name dd: FoodLibrary[Food Name]
Name FoodList: FoodLibrary[Food Name]
Name FoodList: FoodLibrary[Food Name]
Name FoodNameList: FoodLibrary[Food Name]
Name FoodNameList: FoodLibrary[Food Name]

Sheet Macro Goals
A1: 💪 Muscle Building & Diet Tracker
A2: Professional macro target setup for cut, maintenance, and bulk. Edit yellow cells only.
A4: 📅 Tracking & Goal Setup
A5: Start Date | B5: 46311 | D5: 🎯 Goal | E5: Daily Calories | F5: Protein (g) | G5: Fat (g) | H5: Carbs (g)
A6: End Date | B6: =B5+B7-1 -> 46370 | D6: Cut | E6: =$B$17 -> 2334 | F6: =ROUND(IF($E$35<>"",$E$35*$B$41,$B$9*2),0) -> 123 | G6: =MAX($E$45,ROUND(E6*$B$42/9,0)) -> 65 | H6: =MAX(0,ROUND((E6-(F6*4+G6*9))/4,0)) -> 314
A7: Duration (days) | B7: 60 | D7: Maintenance | E7: =$B$16 -> 2431 | F7: =ROUND(IF($E$35<>"",$E$35*2,$B$9*1.8),0) -> 112 | G7: =MAX($E$45,ROUND(E7*$B$42/9,0)) -> 68 | H7: =MAX(0,ROUND((E7-(F7*4+G7*9))/4,0)) -> 343
A8: Goal | B8: Maintenance | D8: Bulk | E8: =$B$18 -> 2553 | F8: =ROUND(IF($E$35<>"",$E$35*2.2,$B$9*2),0) -> 123 | G8: =MAX($E$45,ROUND(E8*$B$42/9,0)) -> 71 | H8: =MAX(0,ROUND((E8-(F8*4+G8*9))/4,0)) -> 356
A9: Weight (kg) | B9: 66 | D9: Selected Goal | E9: =IF($B$8="Cut",E6,IF($B$8="Maintenance",E7,E8)) -> 2431 | F9: =IF($B$8="Cut",F6,IF($B$8="Maintenance",F7,F8)) -> 112 | G9: =IF($B$8="Cut",G6,IF($B$8="Maintenance",G7,G8)) -> 68 | H9: =IF($B$8="Cut",H6,IF($B$8="Maintenance",H7,H8)) -> 343
A10: Height (cm) | B10: 174
A11: Age | B11: 45
A12: Activity Multiplier | B12: =$E$41 -> 1.6 | D12: 📊 Daily Summary | E12: Calories | F12: Carbs (g) | G12: Protein (g) | H12: Fat (g)
A13: Burn % / Cut deficit | B13: 0.04 | D13: Consumed | E13: ='Daily Intake'!E6 -> 2447.2084 | F13: ='Daily Intake'!F6 -> 306.82939 | G13: ='Daily Intake'!G6 -> 186.88942 | H13: ='Daily Intake'!H6 -> 39.914684
A14: Bulk % / Surplus | B14: 0.05 | D14: Target | E14: =$E$9 -> 2431 | F14: =$H$9 -> 343 | G14: =$F$9 -> 112 | H14: =$G$9 -> 68
A15: BMR | B15: =$E$38 -> 1582 | D15: Remaining | E15: =E14-E13 -> -16.208421 | F15: =F14-F13 -> 36.170614 | G15: =G14-G13 -> -74.889421 | H15: =H14-H13 -> 28.085316
A16: TDEE / Maintenance | B16: =$E$42 -> 2431 | D16: % of Target | E16: =IFERROR(E13/E14,0) -> 1.0066674 | F16: =IFERROR(F13/F14,0) -> 0.89454631 | G16: =IFERROR(G13/G14,0) -> 1.6686555 | H16: =IFERROR(H13/H14,0) -> 0.58698065
A17: Cut Calories | B17: =$E$43 -> 2334
A18: Bulk Calories | B18: =$E$44 -> 2553
A19: Activity multiplier note | B19: Exercise inputs calculate TDEE, then Adjust TDEE Value in B28 is subtracted from maintenance. Cut and Bulk are based on the adjusted maintenance value.
A21: 🏃 Exercise-Based Activity Multiplier
A22: B12 now calculates from exercise count, intensity, duration, and weekly frequency. Edit yellow cells only.
A24: Type of exercise | B24: Resistance | D24: Standard MET by exercise | E24: {=_xlfn.SWITCH($B$24,"Resistance",6,"Running",9.8,"Walking",3.5,"Swimming",8,"Badminton",5.5,"Other",5,5)} -> 6
A25: Intensity | B25: High | D25: Intensity-adjusted MET | E25: {=ROUND($E$24*_xlfn.SWITCH($B$25,"Low",0.8,"Moderate",1,"High",1.25,"Very high",1.5,1),1)} -> 7.5
A26: Duration per session (min) | B26: 110 | D26: Net exercise kcal / session | E26: =ROUND(MAX(0,$E$25-1)*3.5*$B$9/200*$B$26,0) -> 826
A27: Sessions per week | B27: 4 | D27: Weekly net exercise kcal | E27: =$E$26*$B$27 -> 3304
A28: Adjust TDEE Value (kcal) | B28: 100 | D28: Daily net exercise kcal | E28: =ROUND($E$27/7,0) -> 472
D29: Exercise-only multiplier | E29: =ROUND(1+($E$28/$E$38),2) -> 1.3
A31: ⚖️ Realistic BMR, PAL & Macro Model
A32: Uses Mifflin-St Jeor for baseline BMR, optional Katch-McArdle when body fat is entered, and a standard lifestyle PAL plus logged exercise.
A34: Sex | B34: Male | D34: BMI | E34: =ROUND($B$9/(($B$10/100)^2),1) -> 21.8
A35: Body fat % | B35: 0.15 | D35: Lean body mass kg | E35: =IF($B$35>0,ROUND($B$9*(1-$B$35),1),"") -> 56.1
A36: BMR method | B36: Auto | D36: Mifflin-St Jeor BMR | E36: =ROUND((10*$B$9)+(6.25*$B$10)-(5*$B$11)+IF($B$34="Male",5,-161),0) -> 1528
A37: Non-exercise activity | B37: Light daily movement | D37: Katch-McArdle BMR | E37: =IF($B$35>0,ROUND(370+(21.6*$E$35),0),"") -> 1582
A38: Cut deficit from Burn % | B38: =$B$13 -> 0.04 | D38: Selected BMR | E38: =IF($B$36="Mifflin",$E$36,IF($B$36="Katch",$E$37,IF($B$35>0,$E$37,$E$36))) -> 1582
A39: Bulk surplus from Bulk % | B39: =$B$14 -> 0.05 | D39: Non-exercise factor | E39: {=_xlfn.SWITCH($B$37,"Sedentary desk",1.2,"Light daily movement",1.3,"Active job",1.45,"Very active job",1.6,1.2)} -> 1.3
A40: Logged exercise mode | B40: Include logged exercise | D40: Net exercise add-on | E40: =ROUND($E$28/$E$38,2) -> 0.3
A41: Protein g per kg lean mass | B41: 2.2 | D41: Final activity multiplier | E41: =IF($B$40="Include logged exercise",MIN(2.2,ROUND($E$39+$E$40,2)),$E$39) -> 1.6
A42: Fat % of calories | B42: 0.25 | D42: Maintenance calories | E42: =MAX(0,ROUND($E$38*$E$41-N($B$28),0)) -> 2431
A43: Minimum fat g / kg weight | B43: 0.6 | D43: Cut calories | E43: =ROUND($E$42*(1-$B$13),0) -> 2334
D44: Bulk calories | E44: =ROUND($E$42*(1+$B$14),0) -> 2553
D45: Fat grams floor | E45: =ROUND($B$9*$B$43,0) -> 40
D46: TDEE method note | E46: =IF($B$40="Include logged exercise","TDEE = selected BMR × (non-exercise factor + net exercise add-on) − Adjust TDEE Value. Cut/Bulk use this adjusted maintenance.","TDEE = selected BMR × non-exercise factor − Adjust TDEE Value. Cut/Bulk use this adjusted maintenance.") -> TDEE = selected BMR × (non-exercise factor + net exercise add-on) − Adjust TDEE Value. Cut/Bulk use this adjusted maintenance.

Sheet Daily Intake
A1: 💪 Daily Food Intake
A2: Build your day with up to 10 foods per meal. Yellow cells are for goal, food, grams, and notes.
A4: 📅 Start Date | B4: ='Macro Goals'!B5 -> 46311
A5: End Date | B5: ='Macro Goals'!B6 -> 46370 | D5: 📊 Today Summary | E5: Calories | F5: Carbs (g) | G5: Protein (g) | H5: Fat (g)
A6: Duration (days) | B6: 60 | D6: Consumed | E6: =SUM(D18:D57) -> 2447.2084 | F6: =SUM(E18:E57) -> 306.82939 | G6: =SUM(F18:F57) -> 186.88942 | H6: =SUM(G18:G57) -> 39.914684
A7: Goal | B7: Maintenance | D7: Target | E7: =B8 -> 2431 | F7: =B11 -> 343 | G7: =B9 -> 112 | H7: =B10 -> 68
A8: Calorie Target | B8: ='Macro Goals'!E9 -> 2431 | D8: Remaining | E8: =E7-E6 -> -16.208421 | F8: =F7-F6 -> 36.170614 | G8: =G7-G6 -> -74.889421 | H8: =H7-H6 -> 28.085316 | P8: S
A9: Protein Target | B9: ='Macro Goals'!F9 -> 112 | D9: % of Target | E9: =IFERROR(E6/E7,0) -> 1.0066674 | F9: =IFERROR(F6/F7,0) -> 0.89454631 | G9: =IFERROR(G6/G7,0) -> 1.6686555 | H9: =IFERROR(H6/H7,0) -> 0.58698065
A10: Fat Target | B10: ='Macro Goals'!G9 -> 68
A11: Carb Target | B11: ='Macro Goals'!H9 -> 343 | D11: 🍽 Meal Summary | E11: Calories | F11: Carbs (g) | G11: Protein (g) | H11: Fat (g)
D12: Meal 1 | E12: =SUMIFS(D18:D57,A18:A57,D12) -> 695.01921 | F12: =SUMIFS(E18:E57,A18:A57,D12) -> 84.287193 | G12: =SUMIFS(F18:F57,A18:A57,D12) -> 52.196711 | H12: =SUMIFS(G18:G57,A18:A57,D12) -> 11.134342
D13: Meal 2 | E13: =SUMIFS(D18:D57,A18:A57,D13) -> 667.02 | F13: =SUMIFS(E18:E57,A18:A57,D13) -> 74.14 | G13: =SUMIFS(F18:F57,A18:A57,D13) -> 54.36 | H13: =SUMIFS(G18:G57,A18:A57,D13) -> 15.61
D14: Meal 3 | E14: =SUMIFS(D18:D57,A18:A57,D14) -> 430.15 | F14: =SUMIFS(E18:E57,A18:A57,D14) -> 68.715 | G14: =SUMIFS(F18:F57,A18:A57,D14) -> 29.536 | H14: =SUMIFS(G18:G57,A18:A57,D14) -> 3.636
D15: Meal 4 | E15: =SUMIFS(D18:D57,A18:A57,D15) -> 655.01921 | F15: =SUMIFS(E18:E57,A18:A57,D15) -> 79.687193 | G15: =SUMIFS(F18:F57,A18:A57,D15) -> 50.796711 | H15: =SUMIFS(G18:G57,A18:A57,D15) -> 9.5343421
A17: Meal | B17: Food Name | C17: Grams | D17: Calories | E17: Carbs (g) | F17: Protein (g) | G17: Fat (g) | H17: Notes | I17: Source
A18: Meal 1 | B18: Harraways Oat | C18: 120 | D18: {=_xlfn.LET(_xlpm.food,TRIM(DailyIntake[[#This Row],[Food Name]]),_xlpm.g,DailyIntake[[#This Row],[Grams]],_xlpm.names,FoodLibrary[Lookup Key],_xlpm.custom,_xlfn.XLOOKUP(_xlpm.food,_xlpm.names,FoodLibrary[Custom],""),_xlpm.base,IFERROR(IF(VALUE(_xlpm.custom)>0,VALUE(_xlpm.custom),100),100),_xlpm.nutrient,_xlfn.XLOOKUP(_xlpm.food,_xlpm.names,FoodLibrary[Calories / 100g],0),IF(OR(_xlpm.food="",_xlpm.g=""),0,IFERROR(_xlpm.g*_xlpm.nutrient/_xlpm.base,0)))} -> 433.2 | E18: {=_xlfn.LET(_xlpm.food,TRIM(DailyIntake[[#This Row],[Food Name]]),_xlpm.g,DailyIntake[[#This Row],[Grams]],_xlpm.names,FoodLibrary[Lookup Key],_xlpm.custom,_xlfn.XLOOKUP(_xlpm.food,_xlpm.names,FoodLibrary[Custom],""),_xlpm.base,IFERROR(IF(VALUE(_xlpm.custom)>0,VALUE(_xlpm.custom),100),100),_xlpm.nutrient,_xlfn.XLOOKUP(_xlpm.food,_xlpm.names,FoodLibrary[Carbs / 100g],0),IF(OR(_xlpm.food="",_xlpm.g=""),0,IFERROR(_xlpm.g*_xlpm.nutrient/_xlpm.base,0)))} -> 65.16 | F18: {=_xlfn.LET(_xlpm.food,TRIM(DailyIntake[[#This Row],[Food Name]]),_xlpm.g,DailyIntake[[#This Row],[Grams]],_xlpm.names,FoodLibrary[Lookup Key],_xlpm.custom,_xlfn.XLOOKUP(_xlpm.food,_xlpm.names,FoodLibrary[Custom],""),_xlpm.base,IFERROR(IF(VALUE(_xlpm.custom)>0,VALUE(_xlpm.custom),100),100),_xlpm.nutrient,_xlfn.XLOOKUP(_xlpm.food,_xlpm.names,FoodLibrary[Protein / 100g],0),IF(OR(_xlpm.food="",_xlpm.g=""),0,IFERROR(_xlpm.g*_xlpm.nutrient/_xlpm.base,0)))} -> 16.8 | G18: {=_xlfn.LET(_xlpm.food,TRIM(DailyIntake[[#This Row],[Food Name]]),_xlpm.g,DailyIntake[[#This Row],[Grams]],_xlpm.names,FoodLibrary[Lookup Key],_xlpm.custom,_xlfn.XLOOKUP(_xlpm.food,_xlpm.names,FoodLibrary[Custom],""),_xlpm.base,IFERROR(IF(VALUE(_xlpm.custom)>0,VALUE(_xlpm.custom),100),100),_xlpm.nutrient,_xlfn.XLOOKUP(_xlpm.food,_xlpm.names,FoodLibrary[Fat / 100g],0),IF(OR(_xlpm.food="",_xlpm.g=""),0,IFERROR(_xlpm.g*_xlpm.nutrient/_xlpm.base,0)))} -> 8.16 | I18: {=_xlfn.LET(_xlpm.food,TRIM(DailyIntake[[#This Row],[Food Name]]),_xlpm.names,FoodLibrary[Lookup Key],_xlpm.custom,_xlfn.XLOOKUP(_xlpm.food,_xlpm.names,FoodLibrary[Custom],""),_xlpm.base,IFERROR(VALUE(_xlpm.custom),0),IF(_xlpm.food="","",IF(_xlpm.base>0,"Food Library custom","Food Library /100g")))} -> Food Library /100g
A19: Meal 1 | B19: Chobani Greek | C19: 100 | D19: {=_xlfn.LET(_xlpm.food,TRIM(DailyIntake[[#This Row],[Food Name]]),_xlpm.g,DailyIntake[[#This Row],[Grams]],_xlpm.names,FoodLibrary[Lookup Key],_xlpm.custom,_xlfn.XLOOKUP(_xlpm.food,_xlpm.names,FoodLibrary[Custom],""),_xlpm.base,IFERROR(IF(VALUE(_xlpm.custom)>0,VALUE(_xlpm.custom),100),100),_xlpm.nutrient,_xlfn.XLOOKUP(_xlpm.food,_xlpm.names,FoodLibrary[Calories / 100g],0),IF(OR(_xlpm.food="",_xlpm.g=""),0,IFERROR(_xlpm.g*_xlpm.nutrient/_xlpm.base,0)))} -> 55.625 | E19: {=_xlfn.LET(_xlpm.food,TRIM(DailyIntake[[#This Row],[Food Name]]),_xlpm.g,DailyIntake[[#This Row],[Grams]],_xlpm.names,FoodLibrary[Lookup Key],_xlpm.custom,_xlfn.XLOOKUP(_xlpm.food,_xlpm.names,FoodLibrary[Custom],""),_xlpm.base,IFERROR(IF(VALUE(_xlpm.custom)>0,VALUE(_xlpm.custom),100),100),_xlpm.nutrient,_xlfn.XLOOKUP(_xlpm.food,_xlpm.names,FoodLibrary[Carbs / 100g],0),IF(OR(_xlpm.food="",_xlpm.g=""),0,IFERROR(_xlpm.g*_xlpm.nutrient/_xlpm.base,0)))} -> 4 | F19: {=_xlfn.LET(_xlpm.food,TRIM(DailyIntake[[#This Row],[Food Name]]),_xlpm.g,DailyIntake[[#This Row],[Grams]],_xlpm.names,FoodLibrary[Lookup Key],_xlpm.custom,_xlfn.XLOOKUP(_xlpm.food,_xlpm.names,FoodLibrary[Custom],""),_xlpm.base,IFERROR(IF(VALUE(_xlpm.custom)>0,VALUE(_xlpm.custom),100),100),_xlpm.nutrient,_xlfn.XLOOKUP(_xlpm.food,_xlpm.names,FoodLibrary[Protein / 100g],0),IF(OR(_xlpm.food="",_xlpm.g=""),0,IFERROR(_xlpm.g*_xlpm.nutrient/_xlpm.base,0)))} -> 9.3125 | G19: {=_xlfn.LET(_xlpm.food,TRIM(DailyIntake[[#This Row],[Food Name]]),_xlpm.g,DailyIntake[[#This Row],[Grams]],_xlpm.names,FoodLibrary[Lookup Key],_xlpm.custom,_xlfn.XLOOKUP(_xlpm.food,_xlpm.names,FoodLibrary[Custom],""),_xlpm.base,IFERROR(IF(VALUE(_xlpm.custom)>0,VALUE(_xlpm.custom),100),100),_xlpm.nutrient,_xlfn.XLOOKUP(_xlpm.food,_xlpm.names,FoodLibrary[Fat / 100g],0),IF(OR(_xlpm.food="",_xlpm.g=""),0,IFERROR(_xlpm.g*_xlpm.nutrient/_xlpm.base,0)))} -> 0.1875 | I19: {=_xlfn.LET(_xlpm.food,TRIM(DailyIntake[[#This Row],[Food Name]]),_xlpm.names,FoodLibrary[Lookup Key],_xlpm.custom,_xlfn.XLOOKUP(_xlpm.food,_xlpm.names,FoodLibrary[Custom],""),_xlpm.base,IFERROR(VALUE(_xlpm.custom),0),IF(_xlpm.food="","",IF(_xlpm.base>0,"Food Library custom","Food Library /100g")))} -> Food Library /100g
A20: Meal 1 | B20: Mixed Berries | C20: 100 | D20: {=_xlfn.LET(_xlpm.food,TRIM(DailyIntake[[#This Row],[Food Name]]),_xlpm.g,DailyIntake[[#This Row],[Grams]],_xlpm.names,FoodLibrary[Lookup Key],_xlpm.custom,_xlfn.XLOOKUP(_xlpm.food,_xlpm.names,FoodLibrary[Custom],""),_xlpm.base,IFERROR(IF(VALUE(_xlpm.custom)>0,VALUE(_xlpm.custom),100),100),_xlpm.nutrient,_xlfn.XLOOKUP(_xlpm.food,_xlpm.names,FoodLibrary[Calories / 100g],0),IF(OR(_xlpm.food="",_xlpm.g=""),0,IFERROR(_xlpm.g*_xlpm.nutrient/_xlpm.base,0)))} -> 43.26 | E20: {=_xlfn.LET(_xlpm.food,TRIM(DailyIntake[[#This Row],[Food Name]]),_xlpm.g,DailyIntake[[#This Row],[Grams]],_xlpm.names,FoodLibrary[Lookup Key],_xlpm.custom,_xlfn.XLOOKUP(_xlpm.food,_xlpm.names,FoodLibrary[Custom],""),_xlpm.base,IFERROR(IF(VALUE(_xlpm.custom)>0,VALUE(_xlpm.custom),100),100),_xlpm.nutrient,_xlfn.XLOOKUP(_xlpm.food,_xlpm.names,FoodLibrary[Carbs / 100g],0),IF(OR(_xlpm.food="",_xlpm.g=""),0,IFERROR(_xlpm.g*_xlpm.nutrient/_xlpm.base,0)))} -> 6.4 | F20: {=_xlfn.LET(_xlpm.food,TRIM(DailyIntake[[#This Row],[Food Name]]),_xlpm.g,DailyIntake[[#This Row],[Grams]],_xlpm.names,FoodLibrary[Lookup Key],_xlpm.custom,_xlfn.XLOOKUP(_xlpm.food,_xlpm.names,FoodLibrary[Custom],""),_xlpm.base,IFERROR(IF(VALUE(_xlpm.custom)>0,VALUE(_xlpm.custom),100),100),_xlpm.nutrient,_xlfn.XLOOKUP(_xlpm.food,_xlpm.names,FoodLibrary[Protein / 100g],0),IF(OR(_xlpm.food="",_xlpm.g=""),0,IFERROR(_xlpm.g*_xlpm.nutrient/_xlpm.base,0)))} -> 1 | G20: {=_xlfn.LET(_xlpm.food,TRIM(DailyIntake[[#This Row],[Food Name]]),_xlpm.g,DailyIntake[[#This Row],[Grams]],_xlpm.names,FoodLibrary[Lookup Key],_xlpm.custom,_xlfn.XLOOKUP(_xlpm.food,_xlpm.names,FoodLibrary[Custom],""),_xlpm.base,IFERROR(IF(VALUE(_xlpm.custom)>0,VALUE(_xlpm.custom),100),100),_xlpm.nutrient,_xlfn.XLOOKUP(_xlpm.food,_xlpm.names,FoodLibrary[Fat / 100g],0),IF(OR(_xlpm.food="",_xlpm.g=""),0,IFERROR(_xlpm.g*_xlpm.nutrient/_xlpm.base,0)))} -> 0.2 | I20: {=_xlfn.LET(_xlpm.food,TRIM(DailyIntake[[#This Row],[Food Name]]),_xlpm.names,FoodLibrary[Lookup Key],_xlpm.custom,_xlfn.XLOOKUP(_xlpm.food,_xlpm.names,FoodLibrary[Custom],""),_xlpm.base,IFERROR(VALUE(_xlpm.custom),0),IF(_xlpm.food="","",IF(_xlpm.base>0,"Food Library custom","Food Library /100g")))} -> Food Library /100g
A21: Meal 1 | B21: Optimum Protein Powder | C21: 30 | D21: {=_xlfn.LET(_xlpm.food,TRIM(DailyIntake[[#This Row],[Food Name]]),_xlpm.g,DailyIntake[[#This Row],[Grams]],_xlpm.names,FoodLibrary[Lookup Key],_xlpm.custom,_xlfn.XLOOKUP(_xlpm.food,_xlpm.names,FoodLibrary[Custom],""),_xlpm.base,IFERROR(IF(VALUE(_xlpm.custom)>0,VALUE(_xlpm.custom),100),100),_xlpm.nutrient,_xlfn.XLOOKUP(_xlpm.food,_xlpm.names,FoodLibrary[Calories / 100g],0),IF(OR(_xlpm.food="",_xlpm.g=""),0,IFERROR(_xlpm.g*_xlpm.nutrient/_xlpm.base,0)))} -> 117.43421 | E21: {=_xlfn.LET(_xlpm.food,TRIM(DailyIntake[[#This Row],[Food Name]]),_xlpm.g,DailyIntake[[#This Row],[Grams]],_xlpm.names,FoodLibrary[Lookup Key],_xlpm.custom,_xlfn.XLOOKUP(_xlpm.food,_xlpm.names,FoodLibrary[Custom],""),_xlpm.base,IFERROR(IF(VALUE(_xlpm.custom)>0,VALUE(_xlpm.custom),100),100),_xlpm.nutrient,_xlfn.XLOOKUP(_xlpm.food,_xlpm.names,FoodLibrary[Carbs / 100g],0),IF(OR(_xlpm.food="",_xlpm.g=""),0,IFERROR(_xlpm.g*_xlpm.nutrient/_xlpm.base,0)))} -> 2.9605263 | F21: {=_xlfn.LET(_xlpm.food,TRIM(DailyIntake[[#This Row],[Food Name]]),_xlpm.g,DailyIntake[[#This Row],[Grams]],_xlpm.names,FoodLibrary[Lookup Key],_xlpm.custom,_xlfn.XLOOKUP(_xlpm.food,_xlpm.names,FoodLibrary[Custom],""),_xlpm.base,IFERROR(IF(VALUE(_xlpm.custom)>0,VALUE(_xlpm.custom),100),100),_xlpm.nutrient,_xlfn.XLOOKUP(_xlpm.food,_xlpm.names,FoodLibrary[Protein / 100g],0),IF(OR(_xlpm.food="",_xlpm.g=""),0,IFERROR(_xlpm.g*_xlpm.nutrient/_xlpm.base,0)))} -> 23.684211 | G21: {=_xlfn.LET(_xlpm.food,TRIM(DailyIntake[[#This Row],[Food Name]]),_xlpm.g,DailyIntake[[#This Row],[Grams]],_xlpm.names,FoodLibrary[Lookup Key],_xlpm.custom,_xlfn.XLOOKUP(_xlpm.food,_xlpm.names,FoodLibrary[Custom],""),_xlpm.base,IFERROR(IF(VALUE(_xlpm.custom)>0,VALUE(_xlpm.custom),100),100),_xlpm.nutrient,_xlfn.XLOOKUP(_xlpm.food,_xlpm.names,FoodLibrary[Fat / 100g],0),IF(OR(_xlpm.food="",_xlpm.g=""),0,IFERROR(_xlpm.g*_xlpm.nutrient/_xlpm.base,0)))} -> 0.98684211 | I21: {=_xlfn.LET(_xlpm.food,TRIM(DailyIntake[[#This Row],[Food Name]]),_xlpm.names,FoodLibrary[Lookup Key],_xlpm.custom,_xlfn.XLOOKUP(_xlpm.food,_xlpm.names,FoodLibrary[Custom],""),_xlpm.base,IFERROR(VALUE(_xlpm.custom),0),IF(_xlpm.food="","",IF(_xlpm.base>0,"Food Library custom","Food Library /100g")))} -> Food Library /100g
A22: Meal 1 | B22: Creatine Blueberry | C22: 5 | D22: {=_xlfn.LET(_xlpm.food,TRIM(DailyIntake[[#This Row],[Food Name]]),_xlpm.g,DailyIntake[[#This Row],[Grams]],_xlpm.names,FoodLibrary[Lookup Key],_xlpm.custom,_xlfn.XLOOKUP(_xlpm.food,_xlpm.names,FoodLibrary[Custom],""),_xlpm.base,IFERROR(IF(VALUE(_xlpm.custom)>0,VALUE(_xlpm.custom),100),100),_xlpm.nutrient,_xlfn.XLOOKUP(_xlpm.food,_xlpm.names,FoodLibrary[Calories / 100g],0),IF(OR(_xlpm.food="",_xlpm.g=""),0,IFERROR(_xlpm.g*_xlpm.nutrient/_xlpm.base,0)))} -> 4.1666667 | E22: {=_xlfn.LET(_xlpm.food,TRIM(DailyIntake[[#This Row],[Food Name]]),_xlpm.g,DailyIntake[[#This Row],[Grams]],_xlpm.names,FoodLibrary[Lookup Key],_xlpm.custom,_xlfn.XLOOKUP(_xlpm.food,_xlpm.names,FoodLibrary[Custom],""),_xlpm.base,IFERROR(IF(VALUE(_xlpm.custom)>0,VALUE(_xlpm.custom),100),100),_xlpm.nutrient,_xlfn.XLOOKUP(_xlpm.food,_xlpm.names,FoodLibrary[Carbs / 100g],0),IF(OR(_xlpm.food="",_xlpm.g=""),0,IFERROR(_xlpm.g*_xlpm.nutrient/_xlpm.base,0)))} -> 0.83333333 | F22: {=_xlfn.LET(_xlpm.food,TRIM(DailyIntake[[#This Row],[Food Name]]),_xlpm.g,DailyIntake[[#This Row],[Grams]],_xlpm.names,FoodLibrary[Lookup Key],_xlpm.custom,_xlfn.XLOOKUP(_xlpm.food,_xlpm.names,FoodLibrary[Custom],""),_xlpm.base,IFERROR(IF(VALUE(_xlpm.custom)>0,VALUE(_xlpm.custom),100),100),_xlpm.nutrient,_xlfn.XLOOKUP(_xlpm.food,_xlpm.names,FoodLibrary[Protein / 100g],0),IF(OR(_xlpm.food="",_xlpm.g=""),0,IFERROR(_xlpm.g*_xlpm.nutrient/_xlpm.base,0)))} -> 0 | G22: {=_xlfn.LET(_xlpm.food,TRIM(DailyIntake[[#This Row],[Food Name]]),_xlpm.g,DailyIntake[[#This Row],[Grams]],_xlpm.names,FoodLibrary[Lookup Key],_xlpm.custom,_xlfn.XLOOKUP(_xlpm.food,_xlpm.names,FoodLibrary[Custom],""),_xlpm.base,IFERROR(IF(VALUE(_xlpm.custom)>0,VALUE(_xlpm.custom),100),100),_xlpm.nutrient,_xlfn.XLOOKUP(_xlpm.food,_xlpm.names,FoodLibrary[Fat / 100g],0),IF(OR(_xlpm.food="",_xlpm.g=""),0,IFERROR(_xlpm.g*_xlpm.nutrient/_xlpm.base,0)))} -> 0 | I22: {=_xlfn.LET(_xlpm.food,TRIM(DailyIntake[[#This Row],[Food Name]]),_xlpm.names,FoodLibrary[Lookup Key],_xlpm.custom,_xlfn.XLOOKUP(_xlpm.food,_xlpm.names,FoodLibrary[Custom],""),_xlpm.base,IFERROR(VALUE(_xlpm.custom),0),IF(_xlpm.food="","",IF(_xlpm.base>0,"Food Library custom","Food Library /100g")))} -> Food Library custom
A23: Meal 1 | B23: Optimum Amino/Electrolyde | C23: 3 | D23: {=_xlfn.LET(_xlpm.food,TRIM(DailyIntake[[#This Row],[Food Name]]),_xlpm.g,DailyIntake[[#This Row],[Grams]],_xlpm.names,FoodLibrary[Lookup Key],_xlpm.custom,_xlfn.XLOOKUP(_xlpm.food,_xlpm.names,FoodLibrary[Custom],""),_xlpm.base,IFERROR(IF(VALUE(_xlpm.custom)>0,VALUE(_xlpm.custom),100),100),_xlpm.nutrient,_xlfn.XLOOKUP(_xlpm.food,_xlpm.names,FoodLibrary[Calories / 100g],0),IF(OR(_xlpm.food="",_xlpm.g=""),0,IFERROR(_xlpm.g*_xlpm.nutrient/_xlpm.base,0)))} -> 1.3333333 | E23: {=_xlfn.LET(_xlpm.food,TRIM(DailyIntake[[#This Row],[Food Name]]),_xlpm.g,DailyIntake[[#This Row],[Grams]],_xlpm.names,FoodLibrary[Lookup Key],_xlpm.custom,_xlfn.XLOOKUP(_xlpm.food,_xlpm.names,FoodLibrary[Custom],""),_xlpm.base,IFERROR(IF(VALUE(_xlpm.custom)>0,VALUE(_xlpm.custom),100),100),_xlpm.nutrient,_xlfn.XLOOKUP(_xlpm.food,_xlpm.names,FoodLibrary[Carbs / 100g],0),IF(OR(_xlpm.food="",_xlpm.g=""),0,IFERROR(_xlpm.g*_xlpm.nutrient/_xlpm.base,0)))} -> 0.33333333 | F23: {=_xlfn.LET(_xlpm.food,TRIM(DailyIntake[[#This Row],[Food Name]]),_xlpm.g,DailyIntake[[#This Row],[Grams]],_xlpm.names,FoodLibrary[Lookup Key],_xlpm.custom,_xlfn.XLOOKUP(_xlpm.food,_xlpm.names,FoodLibrary[Custom],""),_xlpm.base,IFERROR(IF(VALUE(_xlpm.custom)>0,VALUE(_xlpm.custom),100),100),_xlpm.nutrient,_xlfn.XLOOKUP(_xlpm.food,_xlpm.names,FoodLibrary[Protein / 100g],0),IF(OR(_xlpm.food="",_xlpm.g=""),0,IFERROR(_xlpm.g*_xlpm.nutrient/_xlpm.base,0)))} -> 0 | G23: {=_xlfn.LET(_xlpm.food,TRIM(DailyIntake[[#This Row],[Food Name]]),_xlpm.g,DailyIntake[[#This Row],[Grams]],_xlpm.names,FoodLibrary[Lookup Key],_xlpm.custom,_xlfn.XLOOKUP(_xlpm.food,_xlpm.names,FoodLibrary[Custom],""),_xlpm.base,IFERROR(IF(VALUE(_xlpm.custom)>0,VALUE(_xlpm.custom),100),100),_xlpm.nutrient,_xlfn.XLOOKUP(_xlpm.food,_xlpm.names,FoodLibrary[Fat / 100g],0),IF(OR(_xlpm.food="",_xlpm.g=""),0,IFERROR(_xlpm.g*_xlpm.nutrient/_xlpm.base,0)))} -> 0 | I23: {=_xlfn.LET(_xlpm.food,TRIM(DailyIntake[[#This Row],[Food Name]]),_xlpm.names,FoodLibrary[Lookup Key],_xlpm.custom,_xlfn.XLOOKUP(_xlpm.food,_xlpm.names,FoodLibrary[Custom],""),_xlpm.base,IFERROR(VALUE(_xlpm.custom),0),IF(_xlpm.food="","",IF(_xlpm.base>0,"Food Library custom","Food Library /100g")))} -> Food Library custom
A24: Meal 1 | B24: Coffee | C24: 1 | D24: {=_xlfn.LET(_xlpm.food,TRIM(DailyIntake[[#This Row],[Food Name]]),_xlpm.g,DailyIntake[[#This Row],[Grams]],_xlpm.names,FoodLibrary[Lookup Key],_xlpm.custom,_xlfn.XLOOKUP(_xlpm.food,_xlpm.names,FoodLibrary[Custom],""),_xlpm.base,IFERROR(IF(VALUE(_xlpm.custom)>0,VALUE(_xlpm.custom),100),100),_xlpm.nutrient,_xlfn.XLOOKUP(_xlpm.food,_xlpm.names,FoodLibrary[Calories / 100g],0),IF(OR(_xlpm.food="",_xlpm.g=""),0,IFERROR(_xlpm.g*_xlpm.nutrient/_xlpm.base,0)))} -> 40 | E24: {=_xlfn.LET(_xlpm.food,TRIM(DailyIntake[[#This Row],[Food Name]]),_xlpm.g,DailyIntake[[#This Row],[Grams]],_xlpm.names,FoodLibrary[Lookup Key],_xlpm.custom,_xlfn.XLOOKUP(_xlpm.food,_xlpm.names,FoodLibrary[Custom],""),_xlpm.base,IFERROR(IF(VALUE(_xlpm.custom)>0,VALUE(_xlpm.custom),100),100),_xlpm.nutrient,_xlfn.XLOOKUP(_xlpm.food,_xlpm.names,FoodLibrary[Carbs / 100g],0),IF(OR(_xlpm.food="",_xlpm.g=""),0,IFERROR(_xlpm.g*_xlpm.nutrient/_xlpm.base,0)))} -> 4.6 | F24: {=_xlfn.LET(_xlpm.food,TRIM(DailyIntake[[#This Row],[Food Name]]),_xlpm.g,DailyIntake[[#This Row],[Grams]],_xlpm.names,FoodLibrary[Lookup Key],_xlpm.custom,_xlfn.XLOOKUP(_xlpm.food,_xlpm.names,FoodLibrary[Custom],""),_xlpm.base,IFERROR(IF(VALUE(_xlpm.custom)>0,VALUE(_xlpm.custom),100),100),_xlpm.nutrient,_xlfn.XLOOKUP(_xlpm.food,_xlpm.names,FoodLibrary[Protein / 100g],0),IF(OR(_xlpm.food="",_xlpm.g=""),0,IFERROR(_xlpm.g*_xlpm.nutrient/_xlpm.base,0)))} -> 1.4 | G24: {=_xlfn.LET(_xlpm.food,TRIM(DailyIntake[[#This Row],[Food Name]]),_xlpm.g,DailyIntake[[#This Row],[Grams]],_xlpm.names,FoodLibrary[Lookup Key],_xlpm.custom,_xlfn.XLOOKUP(_xlpm.food,_xlpm.names,FoodLibrary[Custom],""),_xlpm.base,IFERROR(IF(VALUE(_xlpm.custom)>0,VALUE(_xlpm.custom),100),100),_xlpm.nutrient,_xlfn.XLOOKUP(_xlpm.food,_xlpm.names,FoodLibrary[Fat / 100g],0),IF(OR(_xlpm.food="",_xlpm.g=""),0,IFERROR(_xlpm.g*_xlpm.nutrient/_xlpm.base,0)))} -> 1.6 | I24: {=_xlfn.LET(_xlpm.food,TRIM(DailyIntake[[#This Row],[Food Name]]),_xlpm.names,FoodLibrary[Lookup Key],_xlpm.custom,_xlfn.XLOOKUP(_xlpm.food,_xlpm.names,FoodLibrary[Custom],""),_xlpm.base,IFERROR(VALUE(_xlpm.custom),0),IF(_xlpm.food="","",IF(_xlpm.base>0,"Food Library custom","Food Library /100g")))} -> Food Library custom
A25: Meal 1 | D25: {=_xlfn.LET(_xlpm.food,TRIM(DailyIntake[[#This Row],[Food Name]]),_xlpm.g,DailyIntake[[#This Row],[Grams]],_xlpm.names,FoodLibrary[Lookup Key],_xlpm.custom,_xlfn.XLOOKUP(_xlpm.food,_xlpm.names,FoodLibrary[Custom],""),_xlpm.base,IFERROR(IF(VALUE(_xlpm.custom)>0,VALUE(_xlpm.custom),100),100),_xlpm.nutrient,_xlfn.XLOOKUP(_xlpm.food,_xlpm.names,FoodLibrary[Calories / 100g],0),IF(OR(_xlpm.food="",_xlpm.g=""),0,IFERROR(_xlpm.g*_xlpm.nutrient/_xlpm.base,0)))} -> 0 | E25: {=_xlfn.LET(_xlpm.food,TRIM(DailyIntake[[#This Row],[Food Name]]),_xlpm.g,DailyIntake[[#This Row],[Grams]],_xlpm.names,FoodLibrary[Lookup Key],_xlpm.custom,_xlfn.XLOOKUP(_xlpm.food,_xlpm.names,FoodLibrary[Custom],""),_xlpm.base,IFERROR(IF(VALUE(_xlpm.custom)>0,VALUE(_xlpm.custom),100),100),_xlpm.nutrient,_xlfn.XLOOKUP(_xlpm.food,_xlpm.names,FoodLibrary[Carbs / 100g],0),IF(OR(_xlpm.food="",_xlpm.g=""),0,IFERROR(_xlpm.g*_xlpm.nutrient/_xlpm.base,0)))} -> 0 | F25: {=_xlfn.LET(_xlpm.food,TRIM(DailyIntake[[#This Row],[Food Name]]),_xlpm.g,DailyIntake[[#This Row],[Grams]],_xlpm.names,FoodLibrary[Lookup Key],_xlpm.custom,_xlfn.XLOOKUP(_xlpm.food,_xlpm.names,FoodLibrary[Custom],""),_xlpm.base,IFERROR(IF(VALUE(_xlpm.custom)>0,VALUE(_xlpm.custom),100),100),_xlpm.nutrient,_xlfn.XLOOKUP(_xlpm.food,_xlpm.names,FoodLibrary[Protein / 100g],0),IF(OR(_xlpm.food="",_xlpm.g=""),0,IFERROR(_xlpm.g*_xlpm.nutrient/_xlpm.base,0)))} -> 0 | G25: {=_xlfn.LET(_xlpm.food,TRIM(DailyIntake[[#This Row],[Food Name]]),_xlpm.g,DailyIntake[[#This Row],[Grams]],_xlpm.names,FoodLibrary[Lookup Key],_xlpm.custom,_xlfn.XLOOKUP(_xlpm.food,_xlpm.names,FoodLibrary[Custom],""),_xlpm.base,IFERROR(IF(VALUE(_xlpm.custom)>0,VALUE(_xlpm.custom),100),100),_xlpm.nutrient,_xlfn.XLOOKUP(_xlpm.food,_xlpm.names,FoodLibrary[Fat / 100g],0),IF(OR(_xlpm.food="",_xlpm.g=""),0,IFERROR(_xlpm.g*_xlpm.nutrient/_xlpm.base,0)))} -> 0 | I25: {=_xlfn.LET(_xlpm.food,TRIM(DailyIntake[[#This Row],[Food Name]]),_xlpm.names,FoodLibrary[Lookup Key],_xlpm.custom,_xlfn.XLOOKUP(_xlpm.food,_xlpm.names,FoodLibrary[Custom],""),_xlpm.base,IFERROR(VALUE(_xlpm.custom),0),IF(_xlpm.food="","",IF(_xlpm.base>0,"Food Library custom","Food Library /100g")))}
A26: Meal 1 | D26: {=_xlfn.LET(_xlpm.food,TRIM(DailyIntake[[#This Row],[Food Name]]),_xlpm.g,DailyIntake[[#This Row],[Grams]],_xlpm.names,FoodLibrary[Lookup Key],_xlpm.custom,_xlfn.XLOOKUP(_xlpm.food,_xlpm.names,FoodLibrary[Custom],""),_xlpm.base,IFERROR(IF(VALUE(_xlpm.custom)>0,VALUE(_xlpm.custom),100),100),_xlpm.nutrient,_xlfn.XLOOKUP(_xlpm.food,_xlpm.names,FoodLibrary[Calories / 100g],0),IF(OR(_xlpm.food="",_xlpm.g=""),0,IFERROR(_xlpm.g*_xlpm.nutrient/_xlpm.base,0)))} -> 0 | E26: {=_xlfn.LET(_xlpm.food,TRIM(DailyIntake[[#This Row],[Food Name]]),_xlpm.g,DailyIntake[[#This Row],[Grams]],_xlpm.names,FoodLibrary[Lookup Key],_xlpm.custom,_xlfn.XLOOKUP(_xlpm.food,_xlpm.names,FoodLibrary[Custom],""),_xlpm.base,IFERROR(IF(VALUE(_xlpm.custom)>0,VALUE(_xlpm.custom),100),100),_xlpm.nutrient,_xlfn.XLOOKUP(_xlpm.food,_xlpm.names,FoodLibrary[Carbs / 100g],0),IF(OR(_xlpm.food="",_xlpm.g=""),0,IFERROR(_xlpm.g*_xlpm.nutrient/_xlpm.base,0)))} -> 0 | F26: {=_xlfn.LET(_xlpm.food,TRIM(DailyIntake[[#This Row],[Food Name]]),_xlpm.g,DailyIntake[[#This Row],[Grams]],_xlpm.names,FoodLibrary[Lookup Key],_xlpm.custom,_xlfn.XLOOKUP(_xlpm.food,_xlpm.names,FoodLibrary[Custom],""),_xlpm.base,IFERROR(IF(VALUE(_xlpm.custom)>0,VALUE(_xlpm.custom),100),100),_xlpm.nutrient,_xlfn.XLOOKUP(_xlpm.food,_xlpm.names,FoodLibrary[Protein / 100g],0),IF(OR(_xlpm.food="",_xlpm.g=""),0,IFERROR(_xlpm.g*_xlpm.nutrient/_xlpm.base,0)))} -> 0 | G26: {=_xlfn.LET(_xlpm.food,TRIM(DailyIntake[[#This Row],[Food Name]]),_xlpm.g,DailyIntake[[#This Row],[Grams]],_xlpm.names,FoodLibrary[Lookup Key],_xlpm.custom,_xlfn.XLOOKUP(_xlpm.food,_xlpm.names,FoodLibrary[Custom],""),_xlpm.base,IFERROR(IF(VALUE(_xlpm.custom)>0,VALUE(_xlpm.custom),100),100),_xlpm.nutrient,_xlfn.XLOOKUP(_xlpm.food,_xlpm.names,FoodLibrary[Fat / 100g],0),IF(OR(_xlpm.food="",_xlpm.g=""),0,IFERROR(_xlpm.g*_xlpm.nutrient/_xlpm.base,0)))} -> 0 | I26: {=_xlfn.LET(_xlpm.food,TRIM(DailyIntake[[#This Row],[Food Name]]),_xlpm.names,FoodLibrary[Lookup Key],_xlpm.custom,_xlfn.XLOOKUP(_xlpm.food,_xlpm.names,FoodLibrary[Custom],""),_xlpm.base,IFERROR(VALUE(_xlpm.custom),0),IF(_xlpm.food="","",IF(_xlpm.base>0,"Food Library custom","Food Library /100g")))}
A27: Meal 1 | D27: {=_xlfn.LET(_xlpm.food,TRIM(DailyIntake[[#This Row],[Food Name]]),_xlpm.g,DailyIntake[[#This Row],[Grams]],_xlpm.names,FoodLibrary[Lookup Key],_xlpm.custom,_xlfn.XLOOKUP(_xlpm.food,_xlpm.names,FoodLibrary[Custom],""),_xlpm.base,IFERROR(IF(VALUE(_xlpm.custom)>0,VALUE(_xlpm.custom),100),100),_xlpm.nutrient,_xlfn.XLOOKUP(_xlpm.food,_xlpm.names,FoodLibrary[Calories / 100g],0),IF(OR(_xlpm.food="",_xlpm.g=""),0,IFERROR(_xlpm.g*_xlpm.nutrient/_xlpm.base,0)))} -> 0 | E27: {=_xlfn.LET(_xlpm.food,TRIM(DailyIntake[[#This Row],[Food Name]]),_xlpm.g,DailyIntake[[#This Row],[Grams]],_xlpm.names,FoodLibrary[Lookup Key],_xlpm.custom,_xlfn.XLOOKUP(_xlpm.food,_xlpm.names,FoodLibrary[Custom],""),_xlpm.base,IFERROR(IF(VALUE(_xlpm.custom)>0,VALUE(_xlpm.custom),100),100),_xlpm.nutrient,_xlfn.XLOOKUP(_xlpm.food,_xlpm.names,FoodLibrary[Carbs / 100g],0),IF(OR(_xlpm.food="",_xlpm.g=""),0,IFERROR(_xlpm.g*_xlpm.nutrient/_xlpm.base,0)))} -> 0 | F27: {=_xlfn.LET(_xlpm.food,TRIM(DailyIntake[[#This Row],[Food Name]]),_xlpm.g,DailyIntake[[#This Row],[Grams]],_xlpm.names,FoodLibrary[Lookup Key],_xlpm.custom,_xlfn.XLOOKUP(_xlpm.food,_xlpm.names,FoodLibrary[Custom],""),_xlpm.base,IFERROR(IF(VALUE(_xlpm.custom)>0,VALUE(_xlpm.custom),100),100),_xlpm.nutrient,_xlfn.XLOOKUP(_xlpm.food,_xlpm.names,FoodLibrary[Protein / 100g],0),IF(OR(_xlpm.food="",_xlpm.g=""),0,IFERROR(_xlpm.g*_xlpm.nutrient/_xlpm.base,0)))} -> 0 | G27: {=_xlfn.LET(_xlpm.food,TRIM(DailyIntake[[#This Row],[Food Name]]),_xlpm.g,DailyIntake[[#This Row],[Grams]],_xlpm.names,FoodLibrary[Lookup Key],_xlpm.custom,_xlfn.XLOOKUP(_xlpm.food,_xlpm.names,FoodLibrary[Custom],""),_xlpm.base,IFERROR(IF(VALUE(_xlpm.custom)>0,VALUE(_xlpm.custom),100),100),_xlpm.nutrient,_xlfn.XLOOKUP(_xlpm.food,_xlpm.names,FoodLibrary[Fat / 100g],0),IF(OR(_xlpm.food="",_xlpm.g=""),0,IFERROR(_xlpm.g*_xlpm.nutrient/_xlpm.base,0)))} -> 0 | I27: {=_xlfn.LET(_xlpm.food,TRIM(DailyIntake[[#This Row],[Food Name]]),_xlpm.names,FoodLibrary[Lookup Key],_xlpm.custom,_xlfn.XLOOKUP(_xlpm.food,_xlpm.names,FoodLibrary[Custom],""),_xlpm.base,IFERROR(VALUE(_xlpm.custom),0),IF(_xlpm.food="","",IF(_xlpm.base>0,"Food Library custom","Food Library /100g")))}
A28: Meal 2 | B28: White Rice | C28: 90 | D28: {=_xlfn.LET(_xlpm.food,TRIM(DailyIntake[[#This Row],[Food Name]]),_xlpm.g,DailyIntake[[#This Row],[Grams]],_xlpm.names,FoodLibrary[Lookup Key],_xlpm.custom,_xlfn.XLOOKUP(_xlpm.food,_xlpm.names,FoodLibrary[Custom],""),_xlpm.base,IFERROR(IF(VALUE(_xlpm.custom)>0,VALUE(_xlpm.custom),100),100),_xlpm.nutrient,_xlfn.XLOOKUP(_xlpm.food,_xlpm.names,FoodLibrary[Calories / 100g],0),IF(OR(_xlpm.food="",_xlpm.g=""),0,IFERROR(_xlpm.g*_xlpm.nutrient/_xlpm.base,0)))} -> 324 | E28: {=_xlfn.LET(_xlpm.food,TRIM(DailyIntake[[#This Row],[Food Name]]),_xlpm.g,DailyIntake[[#This Row],[Grams]],_xlpm.names,FoodLibrary[Lookup Key],_xlpm.custom,_xlfn.XLOOKUP(_xlpm.food,_xlpm.names,FoodLibrary[Custom],""),_xlpm.base,IFERROR(IF(VALUE(_xlpm.custom)>0,VALUE(_xlpm.custom),100),100),_xlpm.nutrient,_xlfn.XLOOKUP(_xlpm.food,_xlpm.names,FoodLibrary[Carbs / 100g],0),IF(OR(_xlpm.food="",_xlpm.g=""),0,IFERROR(_xlpm.g*_xlpm.nutrient/_xlpm.base,0)))} -> 73.8 | F28: {=_xlfn.LET(_xlpm.food,TRIM(DailyIntake[[#This Row],[Food Name]]),_xlpm.g,DailyIntake[[#This Row],[Grams]],_xlpm.names,FoodLibrary[Lookup Key],_xlpm.custom,_xlfn.XLOOKUP(_xlpm.food,_xlpm.names,FoodLibrary[Custom],""),_xlpm.base,IFERROR(IF(VALUE(_xlpm.custom)>0,VALUE(_xlpm.custom),100),100),_xlpm.nutrient,_xlfn.XLOOKUP(_xlpm.food,_xlpm.names,FoodLibrary[Protein / 100g],0),IF(OR(_xlpm.food="",_xlpm.g=""),0,IFERROR(_xlpm.g*_xlpm.nutrient/_xlpm.base,0)))} -> 5.4 | G28: {=_xlfn.LET(_xlpm.food,TRIM(DailyIntake[[#This Row],[Food Name]]),_xlpm.g,DailyIntake[[#This Row],[Grams]],_xlpm.names,FoodLibrary[Lookup Key],_xlpm.custom,_xlfn.XLOOKUP(_xlpm.food,_xlpm.names,FoodLibrary[Custom],""),_xlpm.base,IFERROR(IF(VALUE(_xlpm.custom)>0,VALUE(_xlpm.custom),100),100),_xlpm.nutrient,_xlfn.XLOOKUP(_xlpm.food,_xlpm.names,FoodLibrary[Fat / 100g],0),IF(OR(_xlpm.food="",_xlpm.g=""),0,IFERROR(_xlpm.g*_xlpm.nutrient/_xlpm.base,0)))} -> 0 | I28: {=_xlfn.LET(_xlpm.food,TRIM(DailyIntake[[#This Row],[Food Name]]),_xlpm.names,FoodLibrary[Lookup Key],_xlpm.custom,_xlfn.XLOOKUP(_xlpm.food,_xlpm.names,FoodLibrary[Custom],""),_xlpm.base,IFERROR(VALUE(_xlpm.custom),0),IF(_xlpm.food="","",IF(_xlpm.base>0,"Food Library custom","Food Library /100g")))} -> Food Library /100g
A29: Meal 2 | B29: Chicken Breast | C29: 180 | D29: {=_xlfn.LET(_xlpm.food,TRIM(DailyIntake[[#This Row],[Food Name]]),_xlpm.g,DailyIntake[[#This Row],[Grams]],_xlpm.names,FoodLibrary[Lookup Key],_xlpm.custom,_xlfn.XLOOKUP(_xlpm.food,_xlpm.names,FoodLibrary[Custom],""),_xlpm.base,IFERROR(IF(VALUE(_xlpm.custom)>0,VALUE(_xlpm.custom),100),100),_xlpm.nutrient,_xlfn.XLOOKUP(_xlpm.food,_xlpm.names,FoodLibrary[Calories / 100g],0),IF(OR(_xlpm.food="",_xlpm.g=""),0,IFERROR(_xlpm.g*_xlpm.nutrient/_xlpm.base,0)))} -> 237.6 | E29: {=_xlfn.LET(_xlpm.food,TRIM(DailyIntake[[#This Row],[Food Name]]),_xlpm.g,DailyIntake[[#This Row],[Grams]],_xlpm.names,FoodLibrary[Lookup Key],_xlpm.custom,_xlfn.XLOOKUP(_xlpm.food,_xlpm.names,FoodLibrary[Custom],""),_xlpm.base,IFERROR(IF(VALUE(_xlpm.custom)>0,VALUE(_xlpm.custom),100),100),_xlpm.nutrient,_xlfn.XLOOKUP(_xlpm.food,_xlpm.names,FoodLibrary[Carbs / 100g],0),IF(OR(_xlpm.food="",_xlpm.g=""),0,IFERROR(_xlpm.g*_xlpm.nutrient/_xlpm.base,0)))} -> 0 | F29: {=_xlfn.LET(_xlpm.food,TRIM(DailyIntake[[#This Row],[Food Name]]),_xlpm.g,DailyIntake[[#This Row],[Grams]],_xlpm.names,FoodLibrary[Lookup Key],_xlpm.custom,_xlfn.XLOOKUP(_xlpm.food,_xlpm.names,FoodLibrary[Custom],""),_xlpm.base,IFERROR(IF(VALUE(_xlpm.custom)>0,VALUE(_xlpm.custom),100),100),_xlpm.nutrient,_xlfn.XLOOKUP(_xlpm.food,_xlpm.names,FoodLibrary[Protein / 100g],0),IF(OR(_xlpm.food="",_xlpm.g=""),0,IFERROR(_xlpm.g*_xlpm.nutrient/_xlpm.base,0)))} -> 32.94 | G29: {=_xlfn.LET(_xlpm.food,TRIM(DailyIntake[[#This Row],[Food Name]]),_xlpm.g,DailyIntake[[#This Row],[Grams]],_xlpm.names,FoodLibrary[Lookup Key],_xlpm.custom,_xlfn.XLOOKUP(_xlpm.food,_xlpm.names,FoodLibrary[Custom],""),_xlpm.base,IFERROR(IF(VALUE(_xlpm.custom)>0,VALUE(_xlpm.custom),100),100),_xlpm.nutrient,_xlfn.XLOOKUP(_xlpm.food,_xlpm.names,FoodLibrary[Fat / 100g],0),IF(OR(_xlpm.food="",_xlpm.g=""),0,IFERROR(_xlpm.g*_xlpm.nutrient/_xlpm.base,0)))} -> 11.7 | I29: {=_xlfn.LET(_xlpm.food,TRIM(DailyIntake[[#This Row],[Food Name]]),_xlpm.names,FoodLibrary[Lookup Key],_xlpm.custom,_xlfn.XLOOKUP(_xlpm.food,_xlpm.names,FoodLibrary[Custom],""),_xlpm.base,IFERROR(VALUE(_xlpm.custom),0),IF(_xlpm.food="","",IF(_xlpm.base>0,"Food Library custom","Food Library /100g")))} -> Food Library /100g
A30: Meal 2 | B30: Egg Yolk | C30: 17 | D30: {=_xlfn.LET(_xlpm.food,TRIM(DailyIntake[[#This Row],[Food Name]]),_xlpm.g,DailyIntake[[#This Row],[Grams]],_xlpm.names,FoodLibrary[Lookup Key],_xlpm.custom,_xlfn.XLOOKUP(_xlpm.food,_xlpm.names,FoodLibrary[Custom],""),_xlpm.base,IFERROR(IF(VALUE(_xlpm.custom)>0,VALUE(_xlpm.custom),100),100),_xlpm.nutrient,_xlfn.XLOOKUP(_xlpm.food,_xlpm.names,FoodLibrary[Calories / 100g],0),IF(OR(_xlpm.food="",_xlpm.g=""),0,IFERROR(_xlpm.g*_xlpm.nutrient/_xlpm.base,0)))} -> 45.9 | E30: {=_xlfn.LET(_xlpm.food,TRIM(DailyIntake[[#This Row],[Food Name]]),_xlpm.g,DailyIntake[[#This Row],[Grams]],_xlpm.names,FoodLibrary[Lookup Key],_xlpm.custom,_xlfn.XLOOKUP(_xlpm.food,_xlpm.names,FoodLibrary[Custom],""),_xlpm.base,IFERROR(IF(VALUE(_xlpm.custom)>0,VALUE(_xlpm.custom),100),100),_xlpm.nutrient,_xlfn.XLOOKUP(_xlpm.food,_xlpm.names,FoodLibrary[Carbs / 100g],0),IF(OR(_xlpm.food="",_xlpm.g=""),0,IFERROR(_xlpm.g*_xlpm.nutrient/_xlpm.base,0)))} -> 0.34 | F30: {=_xlfn.LET(_xlpm.food,TRIM(DailyIntake[[#This Row],[Food Name]]),_xlpm.g,DailyIntake[[#This Row],[Grams]],_xlpm.names,FoodLibrary[Lookup Key],_xlpm.custom,_xlfn.XLOOKUP(_xlpm.food,_xlpm.names,FoodLibrary[Custom],""),_xlpm.base,IFERROR(IF(VALUE(_xlpm.custom)>0,VALUE(_xlpm.custom),100),100),_xlpm.nutrient,_xlfn.XLOOKUP(_xlpm.food,_xlpm.names,FoodLibrary[Protein / 100g],0),IF(OR(_xlpm.food="",_xlpm.g=""),0,IFERROR(_xlpm.g*_xlpm.nutrient/_xlpm.base,0)))} -> 2.38 | G30: {=_xlfn.LET(_xlpm.food,TRIM(DailyIntake[[#This Row],[Food Name]]),_xlpm.g,DailyIntake[[#This Row],[Grams]],_xlpm.names,FoodLibrary[Lookup Key],_xlpm.custom,_xlfn.XLOOKUP(_xlpm.food,_xlpm.names,FoodLibrary[Custom],""),_xlpm.base,IFERROR(IF(VALUE(_xlpm.custom)>0,VALUE(_xlpm.custom),100),100),_xlpm.nutrient,_xlfn.XLOOKUP(_xlpm.food,_xlpm.names,FoodLibrary[Fat / 100g],0),IF(OR(_xlpm.food="",_xlpm.g=""),0,IFERROR(_xlpm.g*_xlpm.nutrient/_xlpm.base,0)))} -> 3.91 | I30: {=_xlfn.LET(_xlpm.food,TRIM(DailyIntake[[#This Row],[Food Name]]),_xlpm.names,FoodLibrary[Lookup Key],_xlpm.custom,_xlfn.XLOOKUP(_xlpm.food,_xlpm.names,FoodLibrary[Custom],""),_xlpm.base,IFERROR(VALUE(_xlpm.custom),0),IF(_xlpm.food="","",IF(_xlpm.base>0,"Food Library custom","Food Library /100g")))} -> Food Library /100g
A31: Meal 2 | B31: Egg White | C31: 124 | D31: {=_xlfn.LET(_xlpm.food,TRIM(DailyIntake[[#This Row],[Food Name]]),_xlpm.g,DailyIntake[[#This Row],[Grams]],_xlpm.names,FoodLibrary[Lookup Key],_xlpm.custom,_xlfn.XLOOKUP(_xlpm.food,_xlpm.names,FoodLibrary[Custom],""),_xlpm.base,IFERROR(IF(VALUE(_xlpm.custom)>0,VALUE(_xlpm.custom),100),100),_xlpm.nutrient,_xlfn.XLOOKUP(_xlpm.food,_xlpm.names,FoodLibrary[Calories / 100g],0),IF(OR(_xlpm.food="",_xlpm.g=""),0,IFERROR(_xlpm.g*_xlpm.nutrient/_xlpm.base,0)))} -> 59.52 | E31: {=_xlfn.LET(_xlpm.food,TRIM(DailyIntake[[#This Row],[Food Name]]),_xlpm.g,DailyIntake[[#This Row],[Grams]],_xlpm.names,FoodLibrary[Lookup Key],_xlpm.custom,_xlfn.XLOOKUP(_xlpm.food,_xlpm.names,FoodLibrary[Custom],""),_xlpm.base,IFERROR(IF(VALUE(_xlpm.custom)>0,VALUE(_xlpm.custom),100),100),_xlpm.nutrient,_xlfn.XLOOKUP(_xlpm.food,_xlpm.names,FoodLibrary[Carbs / 100g],0),IF(OR(_xlpm.food="",_xlpm.g=""),0,IFERROR(_xlpm.g*_xlpm.nutrient/_xlpm.base,0)))} -> 0 | F31: {=_xlfn.LET(_xlpm.food,TRIM(DailyIntake[[#This Row],[Food Name]]),_xlpm.g,DailyIntake[[#This Row],[Grams]],_xlpm.names,FoodLibrary[Lookup Key],_xlpm.custom,_xlfn.XLOOKUP(_xlpm.food,_xlpm.names,FoodLibrary[Custom],""),_xlpm.base,IFERROR(IF(VALUE(_xlpm.custom)>0,VALUE(_xlpm.custom),100),100),_xlpm.nutrient,_xlfn.XLOOKUP(_xlpm.food,_xlpm.names,FoodLibrary[Protein / 100g],0),IF(OR(_xlpm.food="",_xlpm.g=""),0,IFERROR(_xlpm.g*_xlpm.nutrient/_xlpm.base,0)))} -> 13.64 | G31: {=_xlfn.LET(_xlpm.food,TRIM(DailyIntake[[#This Row],[Food Name]]),_xlpm.g,DailyIntake[[#This Row],[Grams]],_xlpm.names,FoodLibrary[Lookup Key],_xlpm.custom,_xlfn.XLOOKUP(_xlpm.food,_xlpm.names,FoodLibrary[Custom],""),_xlpm.base,IFERROR(IF(VALUE(_xlpm.custom)>0,VALUE(_xlpm.custom),100),100),_xlpm.nutrient,_xlfn.XLOOKUP(_xlpm.food,_xlpm.names,FoodLibrary[Fat / 100g],0),IF(OR(_xlpm.food="",_xlpm.g=""),0,IFERROR(_xlpm.g*_xlpm.nutrient/_xlpm.base,0)))} -> 0 | I31: {=_xlfn.LET(_xlpm.food,TRIM(DailyIntake[[#This Row],[Food Name]]),_xlpm.names,FoodLibrary[Lookup Key],_xlpm.custom,_xlfn.XLOOKUP(_xlpm.food,_xlpm.names,FoodLibrary[Custom],""),_xlpm.base,IFERROR(VALUE(_xlpm.custom),0),IF(_xlpm.food="","",IF(_xlpm.base>0,"Food Library custom","Food Library /100g")))} -> Food Library /100g
A32: Meal 2 | D32: {=_xlfn.LET(_xlpm.food,TRIM(DailyIntake[[#This Row],[Food Name]]),_xlpm.g,DailyIntake[[#This Row],[Grams]],_xlpm.names,FoodLibrary[Lookup Key],_xlpm.custom,_xlfn.XLOOKUP(_xlpm.food,_xlpm.names,FoodLibrary[Custom],""),_xlpm.base,IFERROR(IF(VALUE(_xlpm.custom)>0,VALUE(_xlpm.custom),100),100),_xlpm.nutrient,_xlfn.XLOOKUP(_xlpm.food,_xlpm.names,FoodLibrary[Calories / 100g],0),IF(OR(_xlpm.food="",_xlpm.g=""),0,IFERROR(_xlpm.g*_xlpm.nutrient/_xlpm.base,0)))} -> 0 | E32: {=_xlfn.LET(_xlpm.food,TRIM(DailyIntake[[#This Row],[Food Name]]),_xlpm.g,DailyIntake[[#This Row],[Grams]],_xlpm.names,FoodLibrary[Lookup Key],_xlpm.custom,_xlfn.XLOOKUP(_xlpm.food,_xlpm.names,FoodLibrary[Custom],""),_xlpm.base,IFERROR(IF(VALUE(_xlpm.custom)>0,VALUE(_xlpm.custom),100),100),_xlpm.nutrient,_xlfn.XLOOKUP(_xlpm.food,_xlpm.names,FoodLibrary[Carbs / 100g],0),IF(OR(_xlpm.food="",_xlpm.g=""),0,IFERROR(_xlpm.g*_xlpm.nutrient/_xlpm.base,0)))} -> 0 | F32: {=_xlfn.LET(_xlpm.food,TRIM(DailyIntake[[#This Row],[Food Name]]),_xlpm.g,DailyIntake[[#This Row],[Grams]],_xlpm.names,FoodLibrary[Lookup Key],_xlpm.custom,_xlfn.XLOOKUP(_xlpm.food,_xlpm.names,FoodLibrary[Custom],""),_xlpm.base,IFERROR(IF(VALUE(_xlpm.custom)>0,VALUE(_xlpm.custom),100),100),_xlpm.nutrient,_xlfn.XLOOKUP(_xlpm.food,_xlpm.names,FoodLibrary[Protein / 100g],0),IF(OR(_xlpm.food="",_xlpm.g=""),0,IFERROR(_xlpm.g*_xlpm.nutrient/_xlpm.base,0)))} -> 0 | G32: {=_xlfn.LET(_xlpm.food,TRIM(DailyIntake[[#This Row],[Food Name]]),_xlpm.g,DailyIntake[[#This Row],[Grams]],_xlpm.names,FoodLibrary[Lookup Key],_xlpm.custom,_xlfn.XLOOKUP(_xlpm.food,_xlpm.names,FoodLibrary[Custom],""),_xlpm.base,IFERROR(IF(VALUE(_xlpm.custom)>0,VALUE(_xlpm.custom),100),100),_xlpm.nutrient,_xlfn.XLOOKUP(_xlpm.food,_xlpm.names,FoodLibrary[Fat / 100g],0),IF(OR(_xlpm.food="",_xlpm.g=""),0,IFERROR(_xlpm.g*_xlpm.nutrient/_xlpm.base,0)))} -> 0 | I32: {=_xlfn.LET(_xlpm.food,TRIM(DailyIntake[[#This Row],[Food Name]]),_xlpm.names,FoodLibrary[Lookup Key],_xlpm.custom,_xlfn.XLOOKUP(_xlpm.food,_xlpm.names,FoodLibrary[Custom],""),_xlpm.base,IFERROR(VALUE(_xlpm.custom),0),IF(_xlpm.food="","",IF(_xlpm.base>0,"Food Library custom","Food Library /100g")))}
A33: Meal 2 | D33: {=_xlfn.LET(_xlpm.food,TRIM(DailyIntake[[#This Row],[Food Name]]),_xlpm.g,DailyIntake[[#This Row],[Grams]],_xlpm.names,FoodLibrary[Lookup Key],_xlpm.custom,_xlfn.XLOOKUP(_xlpm.food,_xlpm.names,FoodLibrary[Custom],""),_xlpm.base,IFERROR(IF(VALUE(_xlpm.custom)>0,VALUE(_xlpm.custom),100),100),_xlpm.nutrient,_xlfn.XLOOKUP(_xlpm.food,_xlpm.names,FoodLibrary[Calories / 100g],0),IF(OR(_xlpm.food="",_xlpm.g=""),0,IFERROR(_xlpm.g*_xlpm.nutrient/_xlpm.base,0)))} -> 0 | E33: {=_xlfn.LET(_xlpm.food,TRIM(DailyIntake[[#This Row],[Food Name]]),_xlpm.g,DailyIntake[[#This Row],[Grams]],_xlpm.names,FoodLibrary[Lookup Key],_xlpm.custom,_xlfn.XLOOKUP(_xlpm.food,_xlpm.names,FoodLibrary[Custom],""),_xlpm.base,IFERROR(IF(VALUE(_xlpm.custom)>0,VALUE(_xlpm.custom),100),100),_xlpm.nutrient,_xlfn.XLOOKUP(_xlpm.food,_xlpm.names,FoodLibrary[Carbs / 100g],0),IF(OR(_xlpm.food="",_xlpm.g=""),0,IFERROR(_xlpm.g*_xlpm.nutrient/_xlpm.base,0)))} -> 0 | F33: {=_xlfn.LET(_xlpm.food,TRIM(DailyIntake[[#This Row],[Food Name]]),_xlpm.g,DailyIntake[[#This Row],[Grams]],_xlpm.names,FoodLibrary[Lookup Key],_xlpm.custom,_xlfn.XLOOKUP(_xlpm.food,_xlpm.names,FoodLibrary[Custom],""),_xlpm.base,IFERROR(IF(VALUE(_xlpm.custom)>0,VALUE(_xlpm.custom),100),100),_xlpm.nutrient,_xlfn.XLOOKUP(_xlpm.food,_xlpm.names,FoodLibrary[Protein / 100g],0),IF(OR(_xlpm.food="",_xlpm.g=""),0,IFERROR(_xlpm.g*_xlpm.nutrient/_xlpm.base,0)))} -> 0 | G33: {=_xlfn.LET(_xlpm.food,TRIM(DailyIntake[[#This Row],[Food Name]]),_xlpm.g,DailyIntake[[#This Row],[Grams]],_xlpm.names,FoodLibrary[Lookup Key],_xlpm.custom,_xlfn.XLOOKUP(_xlpm.food,_xlpm.names,FoodLibrary[Custom],""),_xlpm.base,IFERROR(IF(VALUE(_xlpm.custom)>0,VALUE(_xlpm.custom),100),100),_xlpm.nutrient,_xlfn.XLOOKUP(_xlpm.food,_xlpm.names,FoodLibrary[Fat / 100g],0),IF(OR(_xlpm.food="",_xlpm.g=""),0,IFERROR(_xlpm.g*_xlpm.nutrient/_xlpm.base,0)))} -> 0 | I33: {=_xlfn.LET(_xlpm.food,TRIM(DailyIntake[[#This Row],[Food Name]]),_xlpm.names,FoodLibrary[Lookup Key],_xlpm.custom,_xlfn.XLOOKUP(_xlpm.food,_xlpm.names,FoodLibrary[Custom],""),_xlpm.base,IFERROR(VALUE(_xlpm.custom),0),IF(_xlpm.food="","",IF(_xlpm.base>0,"Food Library custom","Food Library /100g")))}
A34: Meal 2 | D34: {=_xlfn.LET(_xlpm.food,TRIM(DailyIntake[[#This Row],[Food Name]]),_xlpm.g,DailyIntake[[#This Row],[Grams]],_xlpm.names,FoodLibrary[Lookup Key],_xlpm.custom,_xlfn.XLOOKUP(_xlpm.food,_xlpm.names,FoodLibrary[Custom],""),_xlpm.base,IFERROR(IF(VALUE(_xlpm.custom)>0,VALUE(_xlpm.custom),100),100),_xlpm.nutrient,_xlfn.XLOOKUP(_xlpm.food,_xlpm.names,FoodLibrary[Calories / 100g],0),IF(OR(_xlpm.food="",_xlpm.g=""),0,IFERROR(_xlpm.g*_xlpm.nutrient/_xlpm.base,0)))} -> 0 | E34: {=_xlfn.LET(_xlpm.food,TRIM(DailyIntake[[#This Row],[Food Name]]),_xlpm.g,DailyIntake[[#This Row],[Grams]],_xlpm.names,FoodLibrary[Lookup Key],_xlpm.custom,_xlfn.XLOOKUP(_xlpm.food,_xlpm.names,FoodLibrary[Custom],""),_xlpm.base,IFERROR(IF(VALUE(_xlpm.custom)>0,VALUE(_xlpm.custom),100),100),_xlpm.nutrient,_xlfn.XLOOKUP(_xlpm.food,_xlpm.names,FoodLibrary[Carbs / 100g],0),IF(OR(_xlpm.food="",_xlpm.g=""),0,IFERROR(_xlpm.g*_xlpm.nutrient/_xlpm.base,0)))} -> 0 | F34: {=_xlfn.LET(_xlpm.food,TRIM(DailyIntake[[#This Row],[Food Name]]),_xlpm.g,DailyIntake[[#This Row],[Grams]],_xlpm.names,FoodLibrary[Lookup Key],_xlpm.custom,_xlfn.XLOOKUP(_xlpm.food,_xlpm.names,FoodLibrary[Custom],""),_xlpm.base,IFERROR(IF(VALUE(_xlpm.custom)>0,VALUE(_xlpm.custom),100),100),_xlpm.nutrient,_xlfn.XLOOKUP(_xlpm.food,_xlpm.names,FoodLibrary[Protein / 100g],0),IF(OR(_xlpm.food="",_xlpm.g=""),0,IFERROR(_xlpm.g*_xlpm.nutrient/_xlpm.base,0)))} -> 0 | G34: {=_xlfn.LET(_xlpm.food,TRIM(DailyIntake[[#This Row],[Food Name]]),_xlpm.g,DailyIntake[[#This Row],[Grams]],_xlpm.names,FoodLibrary[Lookup Key],_xlpm.custom,_xlfn.XLOOKUP(_xlpm.food,_xlpm.names,FoodLibrary[Custom],""),_xlpm.base,IFERROR(IF(VALUE(_xlpm.custom)>0,VALUE(_xlpm.custom),100),100),_xlpm.nutrient,_xlfn.XLOOKUP(_xlpm.food,_xlpm.names,FoodLibrary[Fat / 100g],0),IF(OR(_xlpm.food="",_xlpm.g=""),0,IFERROR(_xlpm.g*_xlpm.nutrient/_xlpm.base,0)))} -> 0 | I34: {=_xlfn.LET(_xlpm.food,TRIM(DailyIntake[[#This Row],[Food Name]]),_xlpm.names,FoodLibrary[Lookup Key],_xlpm.custom,_xlfn.XLOOKUP(_xlpm.food,_xlpm.names,FoodLibrary[Custom],""),_xlpm.base,IFERROR(VALUE(_xlpm.custom),0),IF(_xlpm.food="","",IF(_xlpm.base>0,"Food Library custom","Food Library /100g")))}
A35: Meal 2 | D35: {=_xlfn.LET(_xlpm.food,TRIM(DailyIntake[[#This Row],[Food Name]]),_xlpm.g,DailyIntake[[#This Row],[Grams]],_xlpm.names,FoodLibrary[Lookup Key],_xlpm.custom,_xlfn.XLOOKUP(_xlpm.food,_xlpm.names,FoodLibrary[Custom],""),_xlpm.base,IFERROR(IF(VALUE(_xlpm.custom)>0,VALUE(_xlpm.custom),100),100),_xlpm.nutrient,_xlfn.XLOOKUP(_xlpm.food,_xlpm.names,FoodLibrary[Calories / 100g],0),IF(OR(_xlpm.food="",_xlpm.g=""),0,IFERROR(_xlpm.g*_xlpm.nutrient/_xlpm.base,0)))} -> 0 | E35: {=_xlfn.LET(_xlpm.food,TRIM(DailyIntake[[#This Row],[Food Name]]),_xlpm.g,DailyIntake[[#This Row],[Grams]],_xlpm.names,FoodLibrary[Lookup Key],_xlpm.custom,_xlfn.XLOOKUP(_xlpm.food,_xlpm.names,FoodLibrary[Custom],""),_xlpm.base,IFERROR(IF(VALUE(_xlpm.custom)>0,VALUE(_xlpm.custom),100),100),_xlpm.nutrient,_xlfn.XLOOKUP(_xlpm.food,_xlpm.names,FoodLibrary[Carbs / 100g],0),IF(OR(_xlpm.food="",_xlpm.g=""),0,IFERROR(_xlpm.g*_xlpm.nutrient/_xlpm.base,0)))} -> 0 | F35: {=_xlfn.LET(_xlpm.food,TRIM(DailyIntake[[#This Row],[Food Name]]),_xlpm.g,DailyIntake[[#This Row],[Grams]],_xlpm.names,FoodLibrary[Lookup Key],_xlpm.custom,_xlfn.XLOOKUP(_xlpm.food,_xlpm.names,FoodLibrary[Custom],""),_xlpm.base,IFERROR(IF(VALUE(_xlpm.custom)>0,VALUE(_xlpm.custom),100),100),_xlpm.nutrient,_xlfn.XLOOKUP(_xlpm.food,_xlpm.names,FoodLibrary[Protein / 100g],0),IF(OR(_xlpm.food="",_xlpm.g=""),0,IFERROR(_xlpm.g*_xlpm.nutrient/_xlpm.base,0)))} -> 0 | G35: {=_xlfn.LET(_xlpm.food,TRIM(DailyIntake[[#This Row],[Food Name]]),_xlpm.g,DailyIntake[[#This Row],[Grams]],_xlpm.names,FoodLibrary[Lookup Key],_xlpm.custom,_xlfn.XLOOKUP(_xlpm.food,_xlpm.names,FoodLibrary[Custom],""),_xlpm.base,IFERROR(IF(VALUE(_xlpm.custom)>0,VALUE(_xlpm.custom),100),100),_xlpm.nutrient,_xlfn.XLOOKUP(_xlpm.food,_xlpm.names,FoodLibrary[Fat / 100g],0),IF(OR(_xlpm.food="",_xlpm.g=""),0,IFERROR(_xlpm.g*_xlpm.nutrient/_xlpm.base,0)))} -> 0 | I35: {=_xlfn.LET(_xlpm.food,TRIM(DailyIntake[[#This Row],[Food Name]]),_xlpm.names,FoodLibrary[Lookup Key],_xlpm.custom,_xlfn.XLOOKUP(_xlpm.food,_xlpm.names,FoodLibrary[Custom],""),_xlpm.base,IFERROR(VALUE(_xlpm.custom),0),IF(_xlpm.food="","",IF(_xlpm.base>0,"Food Library custom","Food Library /100g")))}
A36: Meal 2 | D36: {=_xlfn.LET(_xlpm.food,TRIM(DailyIntake[[#This Row],[Food Name]]),_xlpm.g,DailyIntake[[#This Row],[Grams]],_xlpm.names,FoodLibrary[Lookup Key],_xlpm.custom,_xlfn.XLOOKUP(_xlpm.food,_xlpm.names,FoodLibrary[Custom],""),_xlpm.base,IFERROR(IF(VALUE(_xlpm.custom)>0,VALUE(_xlpm.custom),100),100),_xlpm.nutrient,_xlfn.XLOOKUP(_xlpm.food,_xlpm.names,FoodLibrary[Calories / 100g],0),IF(OR(_xlpm.food="",_xlpm.g=""),0,IFERROR(_xlpm.g*_xlpm.nutrient/_xlpm.base,0)))} -> 0 | E36: {=_xlfn.LET(_xlpm.food,TRIM(DailyIntake[[#This Row],[Food Name]]),_xlpm.g,DailyIntake[[#This Row],[Grams]],_xlpm.names,FoodLibrary[Lookup Key],_xlpm.custom,_xlfn.XLOOKUP(_xlpm.food,_xlpm.names,FoodLibrary[Custom],""),_xlpm.base,IFERROR(IF(VALUE(_xlpm.custom)>0,VALUE(_xlpm.custom),100),100),_xlpm.nutrient,_xlfn.XLOOKUP(_xlpm.food,_xlpm.names,FoodLibrary[Carbs / 100g],0),IF(OR(_xlpm.food="",_xlpm.g=""),0,IFERROR(_xlpm.g*_xlpm.nutrient/_xlpm.base,0)))} -> 0 | F36: {=_xlfn.LET(_xlpm.food,TRIM(DailyIntake[[#This Row],[Food Name]]),_xlpm.g,DailyIntake[[#This Row],[Grams]],_xlpm.names,FoodLibrary[Lookup Key],_xlpm.custom,_xlfn.XLOOKUP(_xlpm.food,_xlpm.names,FoodLibrary[Custom],""),_xlpm.base,IFERROR(IF(VALUE(_xlpm.custom)>0,VALUE(_xlpm.custom),100),100),_xlpm.nutrient,_xlfn.XLOOKUP(_xlpm.food,_xlpm.names,FoodLibrary[Protein / 100g],0),IF(OR(_xlpm.food="",_xlpm.g=""),0,IFERROR(_xlpm.g*_xlpm.nutrient/_xlpm.base,0)))} -> 0 | G36: {=_xlfn.LET(_xlpm.food,TRIM(DailyIntake[[#This Row],[Food Name]]),_xlpm.g,DailyIntake[[#This Row],[Grams]],_xlpm.names,FoodLibrary[Lookup Key],_xlpm.custom,_xlfn.XLOOKUP(_xlpm.food,_xlpm.names,FoodLibrary[Custom],""),_xlpm.base,IFERROR(IF(VALUE(_xlpm.custom)>0,VALUE(_xlpm.custom),100),100),_xlpm.nutrient,_xlfn.XLOOKUP(_xlpm.food,_xlpm.names,FoodLibrary[Fat / 100g],0),IF(OR(_xlpm.food="",_xlpm.g=""),0,IFERROR(_xlpm.g*_xlpm.nutrient/_xlpm.base,0)))} -> 0 | I36: {=_xlfn.LET(_xlpm.food,TRIM(DailyIntake[[#This Row],[Food Name]]),_xlpm.names,FoodLibrary[Lookup Key],_xlpm.custom,_xlfn.XLOOKUP(_xlpm.food,_xlpm.names,FoodLibrary[Custom],""),_xlpm.base,IFERROR(VALUE(_xlpm.custom),0),IF(_xlpm.food="","",IF(_xlpm.base>0,"Food Library custom","Food Library /100g")))}
A37: Meal 2 | D37: {=_xlfn.LET(_xlpm.food,TRIM(DailyIntake[[#This Row],[Food Name]]),_xlpm.g,DailyIntake[[#This Row],[Grams]],_xlpm.names,FoodLibrary[Lookup Key],_xlpm.custom,_xlfn.XLOOKUP(_xlpm.food,_xlpm.names,FoodLibrary[Custom],""),_xlpm.base,IFERROR(IF(VALUE(_xlpm.custom)>0,VALUE(_xlpm.custom),100),100),_xlpm.nutrient,_xlfn.XLOOKUP(_xlpm.food,_xlpm.names,FoodLibrary[Calories / 100g],0),IF(OR(_xlpm.food="",_xlpm.g=""),0,IFERROR(_xlpm.g*_xlpm.nutrient/_xlpm.base,0)))} -> 0 | E37: {=_xlfn.LET(_xlpm.food,TRIM(DailyIntake[[#This Row],[Food Name]]),_xlpm.g,DailyIntake[[#This Row],[Grams]],_xlpm.names,FoodLibrary[Lookup Key],_xlpm.custom,_xlfn.XLOOKUP(_xlpm.food,_xlpm.names,FoodLibrary[Custom],""),_xlpm.base,IFERROR(IF(VALUE(_xlpm.custom)>0,VALUE(_xlpm.custom),100),100),_xlpm.nutrient,_xlfn.XLOOKUP(_xlpm.food,_xlpm.names,FoodLibrary[Carbs / 100g],0),IF(OR(_xlpm.food="",_xlpm.g=""),0,IFERROR(_xlpm.g*_xlpm.nutrient/_xlpm.base,0)))} -> 0 | F37: {=_xlfn.LET(_xlpm.food,TRIM(DailyIntake[[#This Row],[Food Name]]),_xlpm.g,DailyIntake[[#This Row],[Grams]],_xlpm.names,FoodLibrary[Lookup Key],_xlpm.custom,_xlfn.XLOOKUP(_xlpm.food,_xlpm.names,FoodLibrary[Custom],""),_xlpm.base,IFERROR(IF(VALUE(_xlpm.custom)>0,VALUE(_xlpm.custom),100),100),_xlpm.nutrient,_xlfn.XLOOKUP(_xlpm.food,_xlpm.names,FoodLibrary[Protein / 100g],0),IF(OR(_xlpm.food="",_xlpm.g=""),0,IFERROR(_xlpm.g*_xlpm.nutrient/_xlpm.base,0)))} -> 0 | G37: {=_xlfn.LET(_xlpm.food,TRIM(DailyIntake[[#This Row],[Food Name]]),_xlpm.g,DailyIntake[[#This Row],[Grams]],_xlpm.names,FoodLibrary[Lookup Key],_xlpm.custom,_xlfn.XLOOKUP(_xlpm.food,_xlpm.names,FoodLibrary[Custom],""),_xlpm.base,IFERROR(IF(VALUE(_xlpm.custom)>0,VALUE(_xlpm.custom),100),100),_xlpm.nutrient,_xlfn.XLOOKUP(_xlpm.food,_xlpm.names,FoodLibrary[Fat / 100g],0),IF(OR(_xlpm.food="",_xlpm.g=""),0,IFERROR(_xlpm.g*_xlpm.nutrient/_xlpm.base,0)))} -> 0 | I37: {=_xlfn.LET(_xlpm.food,TRIM(DailyIntake[[#This Row],[Food Name]]),_xlpm.names,FoodLibrary[Lookup Key],_xlpm.custom,_xlfn.XLOOKUP(_xlpm.food,_xlpm.names,FoodLibrary[Custom],""),_xlpm.base,IFERROR(VALUE(_xlpm.custom),0),IF(_xlpm.food="","",IF(_xlpm.base>0,"Food Library custom","Food Library /100g")))}
A38: Meal 3 | B38: Sweet Potatoe | C38: 208 | D38: {=_xlfn.LET(_xlpm.food,TRIM(DailyIntake[[#This Row],[Food Name]]),_xlpm.g,DailyIntake[[#This Row],[Grams]],_xlpm.names,FoodLibrary[Lookup Key],_xlpm.custom,_xlfn.XLOOKUP(_xlpm.food,_xlpm.names,FoodLibrary[Custom],""),_xlpm.base,IFERROR(IF(VALUE(_xlpm.custom)>0,VALUE(_xlpm.custom),100),100),_xlpm.nutrient,_xlfn.XLOOKUP(_xlpm.food,_xlpm.names,FoodLibrary[Calories / 100g],0),IF(OR(_xlpm.food="",_xlpm.g=""),0,IFERROR(_xlpm.g*_xlpm.nutrient/_xlpm.base,0)))} -> 264.16 | E38: {=_xlfn.LET(_xlpm.food,TRIM(DailyIntake[[#This Row],[Food Name]]),_xlpm.g,DailyIntake[[#This Row],[Grams]],_xlpm.names,FoodLibrary[Lookup Key],_xlpm.custom,_xlfn.XLOOKUP(_xlpm.food,_xlpm.names,FoodLibrary[Custom],""),_xlpm.base,IFERROR(IF(VALUE(_xlpm.custom)>0,VALUE(_xlpm.custom),100),100),_xlpm.nutrient,_xlfn.XLOOKUP(_xlpm.food,_xlpm.names,FoodLibrary[Carbs / 100g],0),IF(OR(_xlpm.food="",_xlpm.g=""),0,IFERROR(_xlpm.g*_xlpm.nutrient/_xlpm.base,0)))} -> 66.56 | F38: {=_xlfn.LET(_xlpm.food,TRIM(DailyIntake[[#This Row],[Food Name]]),_xlpm.g,DailyIntake[[#This Row],[Grams]],_xlpm.names,FoodLibrary[Lookup Key],_xlpm.custom,_xlfn.XLOOKUP(_xlpm.food,_xlpm.names,FoodLibrary[Custom],""),_xlpm.base,IFERROR(IF(VALUE(_xlpm.custom)>0,VALUE(_xlpm.custom),100),100),_xlpm.nutrient,_xlfn.XLOOKUP(_xlpm.food,_xlpm.names,FoodLibrary[Protein / 100g],0),IF(OR(_xlpm.food="",_xlpm.g=""),0,IFERROR(_xlpm.g*_xlpm.nutrient/_xlpm.base,0)))} -> 2.496 | G38: {=_xlfn.LET(_xlpm.food,TRIM(DailyIntake[[#This Row],[Food Name]]),_xlpm.g,DailyIntake[[#This Row],[Grams]],_xlpm.names,FoodLibrary[Lookup Key],_xlpm.custom,_xlfn.XLOOKUP(_xlpm.food,_xlpm.names,FoodLibrary[Custom],""),_xlpm.base,IFERROR(IF(VALUE(_xlpm.custom)>0,VALUE(_xlpm.custom),100),100),_xlpm.nutrient,_xlfn.XLOOKUP(_xlpm.food,_xlpm.names,FoodLibrary[Fat / 100g],0),IF(OR(_xlpm.food="",_xlpm.g=""),0,IFERROR(_xlpm.g*_xlpm.nutrient/_xlpm.base,0)))} -> 0.416 | I38: {=_xlfn.LET(_xlpm.food,TRIM(DailyIntake[[#This Row],[Food Name]]),_xlpm.names,FoodLibrary[Lookup Key],_xlpm.custom,_xlfn.XLOOKUP(_xlpm.food,_xlpm.names,FoodLibrary[Custom],""),_xlpm.base,IFERROR(VALUE(_xlpm.custom),0),IF(_xlpm.food="","",IF(_xlpm.base>0,"Food Library custom","Food Library /100g")))} -> Food Library /100g
A39: Meal 3 | B39: Egg White | C39: 228 | D39: {=_xlfn.LET(_xlpm.food,TRIM(DailyIntake[[#This Row],[Food Name]]),_xlpm.g,DailyIntake[[#This Row],[Grams]],_xlpm.names,FoodLibrary[Lookup Key],_xlpm.custom,_xlfn.XLOOKUP(_xlpm.food,_xlpm.names,FoodLibrary[Custom],""),_xlpm.base,IFERROR(IF(VALUE(_xlpm.custom)>0,VALUE(_xlpm.custom),100),100),_xlpm.nutrient,_xlfn.XLOOKUP(_xlpm.food,_xlpm.names,FoodLibrary[Calories / 100g],0),IF(OR(_xlpm.food="",_xlpm.g=""),0,IFERROR(_xlpm.g*_xlpm.nutrient/_xlpm.base,0)))} -> 109.44 | E39: {=_xlfn.LET(_xlpm.food,TRIM(DailyIntake[[#This Row],[Food Name]]),_xlpm.g,DailyIntake[[#This Row],[Grams]],_xlpm.names,FoodLibrary[Lookup Key],_xlpm.custom,_xlfn.XLOOKUP(_xlpm.food,_xlpm.names,FoodLibrary[Custom],""),_xlpm.base,IFERROR(IF(VALUE(_xlpm.custom)>0,VALUE(_xlpm.custom),100),100),_xlpm.nutrient,_xlfn.XLOOKUP(_xlpm.food,_xlpm.names,FoodLibrary[Carbs / 100g],0),IF(OR(_xlpm.food="",_xlpm.g=""),0,IFERROR(_xlpm.g*_xlpm.nutrient/_xlpm.base,0)))} -> 0 | F39: {=_xlfn.LET(_xlpm.food,TRIM(DailyIntake[[#This Row],[Food Name]]),_xlpm.g,DailyIntake[[#This Row],[Grams]],_xlpm.names,FoodLibrary[Lookup Key],_xlpm.custom,_xlfn.XLOOKUP(_xlpm.food,_xlpm.names,FoodLibrary[Custom],""),_xlpm.base,IFERROR(IF(VALUE(_xlpm.custom)>0,VALUE(_xlpm.custom),100),100),_xlpm.nutrient,_xlfn.XLOOKUP(_xlpm.food,_xlpm.names,FoodLibrary[Protein / 100g],0),IF(OR(_xlpm.food="",_xlpm.g=""),0,IFERROR(_xlpm.g*_xlpm.nutrient/_xlpm.base,0)))} -> 25.08 | G39: {=_xlfn.LET(_xlpm.food,TRIM(DailyIntake[[#This Row],[Food Name]]),_xlpm.g,DailyIntake[[#This Row],[Grams]],_xlpm.names,FoodLibrary[Lookup Key],_xlpm.custom,_xlfn.XLOOKUP(_xlpm.food,_xlpm.names,FoodLibrary[Custom],""),_xlpm.base,IFERROR(IF(VALUE(_xlpm.custom)>0,VALUE(_xlpm.custom),100),100),_xlpm.nutrient,_xlfn.XLOOKUP(_xlpm.food,_xlpm.names,FoodLibrary[Fat / 100g],0),IF(OR(_xlpm.food="",_xlpm.g=""),0,IFERROR(_xlpm.g*_xlpm.nutrient/_xlpm.base,0)))} -> 0 | I39: {=_xlfn.LET(_xlpm.food,TRIM(DailyIntake[[#This Row],[Food Name]]),_xlpm.names,FoodLibrary[Lookup Key],_xlpm.custom,_xlfn.XLOOKUP(_xlpm.food,_xlpm.names,FoodLibrary[Custom],""),_xlpm.base,IFERROR(VALUE(_xlpm.custom),0),IF(_xlpm.food="","",IF(_xlpm.base>0,"Food Library custom","Food Library /100g")))} -> Food Library /100g
A40: Meal 3 | B40: Egg Yolk | C40: 14 | D40: {=_xlfn.LET(_xlpm.food,TRIM(DailyIntake[[#This Row],[Food Name]]),_xlpm.g,DailyIntake[[#This Row],[Grams]],_xlpm.names,FoodLibrary[Lookup Key],_xlpm.custom,_xlfn.XLOOKUP(_xlpm.food,_xlpm.names,FoodLibrary[Custom],""),_xlpm.base,IFERROR(IF(VALUE(_xlpm.custom)>0,VALUE(_xlpm.custom),100),100),_xlpm.nutrient,_xlfn.XLOOKUP(_xlpm.food,_xlpm.names,FoodLibrary[Calories / 100g],0),IF(OR(_xlpm.food="",_xlpm.g=""),0,IFERROR(_xlpm.g*_xlpm.nutrient/_xlpm.base,0)))} -> 37.8 | E40: {=_xlfn.LET(_xlpm.food,TRIM(DailyIntake[[#This Row],[Food Name]]),_xlpm.g,DailyIntake[[#This Row],[Grams]],_xlpm.names,FoodLibrary[Lookup Key],_xlpm.custom,_xlfn.XLOOKUP(_xlpm.food,_xlpm.names,FoodLibrary[Custom],""),_xlpm.base,IFERROR(IF(VALUE(_xlpm.custom)>0,VALUE(_xlpm.custom),100),100),_xlpm.nutrient,_xlfn.XLOOKUP(_xlpm.food,_xlpm.names,FoodLibrary[Carbs / 100g],0),IF(OR(_xlpm.food="",_xlpm.g=""),0,IFERROR(_xlpm.g*_xlpm.nutrient/_xlpm.base,0)))} -> 0.28 | F40: {=_xlfn.LET(_xlpm.food,TRIM(DailyIntake[[#This Row],[Food Name]]),_xlpm.g,DailyIntake[[#This Row],[Grams]],_xlpm.names,FoodLibrary[Lookup Key],_xlpm.custom,_xlfn.XLOOKUP(_xlpm.food,_xlpm.names,FoodLibrary[Custom],""),_xlpm.base,IFERROR(IF(VALUE(_xlpm.custom)>0,VALUE(_xlpm.custom),100),100),_xlpm.nutrient,_xlfn.XLOOKUP(_xlpm.food,_xlpm.names,FoodLibrary[Protein / 100g],0),IF(OR(_xlpm.food="",_xlpm.g=""),0,IFERROR(_xlpm.g*_xlpm.nutrient/_xlpm.base,0)))} -> 1.96 | G40: {=_xlfn.LET(_xlpm.food,TRIM(DailyIntake[[#This Row],[Food Name]]),_xlpm.g,DailyIntake[[#This Row],[Grams]],_xlpm.names,FoodLibrary[Lookup Key],_xlpm.custom,_xlfn.XLOOKUP(_xlpm.food,_xlpm.names,FoodLibrary[Custom],""),_xlpm.base,IFERROR(IF(VALUE(_xlpm.custom)>0,VALUE(_xlpm.custom),100),100),_xlpm.nutrient,_xlfn.XLOOKUP(_xlpm.food,_xlpm.names,FoodLibrary[Fat / 100g],0),IF(OR(_xlpm.food="",_xlpm.g=""),0,IFERROR(_xlpm.g*_xlpm.nutrient/_xlpm.base,0)))} -> 3.22 | I40: {=_xlfn.LET(_xlpm.food,TRIM(DailyIntake[[#This Row],[Food Name]]),_xlpm.names,FoodLibrary[Lookup Key],_xlpm.custom,_xlfn.XLOOKUP(_xlpm.food,_xlpm.names,FoodLibrary[Custom],""),_xlpm.base,IFERROR(VALUE(_xlpm.custom),0),IF(_xlpm.food="","",IF(_xlpm.base>0,"Food Library custom","Food Library /100g")))} -> Food Library /100g
A41: Meal 3 | B41: Heinz No Sugar Ketchup | C41: 30 | D41: {=_xlfn.LET(_xlpm.food,TRIM(DailyIntake[[#This Row],[Food Name]]),_xlpm.g,DailyIntake[[#This Row],[Grams]],_xlpm.names,FoodLibrary[Lookup Key],_xlpm.custom,_xlfn.XLOOKUP(_xlpm.food,_xlpm.names,FoodLibrary[Custom],""),_xlpm.base,IFERROR(IF(VALUE(_xlpm.custom)>0,VALUE(_xlpm.custom),100),100),_xlpm.nutrient,_xlfn.XLOOKUP(_xlpm.food,_xlpm.names,FoodLibrary[Calories / 100g],0),IF(OR(_xlpm.food="",_xlpm.g=""),0,IFERROR(_xlpm.g*_xlpm.nutrient/_xlpm.base,0)))} -> 18.75 | E41: {=_xlfn.LET(_xlpm.food,TRIM(DailyIntake[[#This Row],[Food Name]]),_xlpm.g,DailyIntake[[#This Row],[Grams]],_xlpm.names,FoodLibrary[Lookup Key],_xlpm.custom,_xlfn.XLOOKUP(_xlpm.food,_xlpm.names,FoodLibrary[Custom],""),_xlpm.base,IFERROR(IF(VALUE(_xlpm.custom)>0,VALUE(_xlpm.custom),100),100),_xlpm.nutrient,_xlfn.XLOOKUP(_xlpm.food,_xlpm.names,FoodLibrary[Carbs / 100g],0),IF(OR(_xlpm.food="",_xlpm.g=""),0,IFERROR(_xlpm.g*_xlpm.nutrient/_xlpm.base,0)))} -> 1.875 | F41: {=_xlfn.LET(_xlpm.food,TRIM(DailyIntake[[#This Row],[Food Name]]),_xlpm.g,DailyIntake[[#This Row],[Grams]],_xlpm.names,FoodLibrary[Lookup Key],_xlpm.custom,_xlfn.XLOOKUP(_xlpm.food,_xlpm.names,FoodLibrary[Custom],""),_xlpm.base,IFERROR(IF(VALUE(_xlpm.custom)>0,VALUE(_xlpm.custom),100),100),_xlpm.nutrient,_xlfn.XLOOKUP(_xlpm.food,_xlpm.names,FoodLibrary[Protein / 100g],0),IF(OR(_xlpm.food="",_xlpm.g=""),0,IFERROR(_xlpm.g*_xlpm.nutrient/_xlpm.base,0)))} -> 0 | G41: {=_xlfn.LET(_xlpm.food,TRIM(DailyIntake[[#This Row],[Food Name]]),_xlpm.g,DailyIntake[[#This Row],[Grams]],_xlpm.names,FoodLibrary[Lookup Key],_xlpm.custom,_xlfn.XLOOKUP(_xlpm.food,_xlpm.names,FoodLibrary[Custom],""),_xlpm.base,IFERROR(IF(VALUE(_xlpm.custom)>0,VALUE(_xlpm.custom),100),100),_xlpm.nutrient,_xlfn.XLOOKUP(_xlpm.food,_xlpm.names,FoodLibrary[Fat / 100g],0),IF(OR(_xlpm.food="",_xlpm.g=""),0,IFERROR(_xlpm.g*_xlpm.nutrient/_xlpm.base,0)))} -> 0 | I41: {=_xlfn.LET(_xlpm.food,TRIM(DailyIntake[[#This Row],[Food Name]]),_xlpm.names,FoodLibrary[Lookup Key],_xlpm.custom,_xlfn.XLOOKUP(_xlpm.food,_xlpm.names,FoodLibrary[Custom],""),_xlpm.base,IFERROR(VALUE(_xlpm.custom),0),IF(_xlpm.food="","",IF(_xlpm.base>0,"Food Library custom","Food Library /100g")))} -> Food Library custom
A42: Meal 3 | D42: {=_xlfn.LET(_xlpm.food,TRIM(DailyIntake[[#This Row],[Food Name]]),_xlpm.g,DailyIntake[[#This Row],[Grams]],_xlpm.names,FoodLibrary[Lookup Key],_xlpm.custom,_xlfn.XLOOKUP(_xlpm.food,_xlpm.names,FoodLibrary[Custom],""),_xlpm.base,IFERROR(IF(VALUE(_xlpm.custom)>0,VALUE(_xlpm.custom),100),100),_xlpm.nutrient,_xlfn.XLOOKUP(_xlpm.food,_xlpm.names,FoodLibrary[Calories / 100g],0),IF(OR(_xlpm.food="",_xlpm.g=""),0,IFERROR(_xlpm.g*_xlpm.nutrient/_xlpm.base,0)))} -> 0 | E42: {=_xlfn.LET(_xlpm.food,TRIM(DailyIntake[[#This Row],[Food Name]]),_xlpm.g,DailyIntake[[#This Row],[Grams]],_xlpm.names,FoodLibrary[Lookup Key],_xlpm.custom,_xlfn.XLOOKUP(_xlpm.food,_xlpm.names,FoodLibrary[Custom],""),_xlpm.base,IFERROR(IF(VALUE(_xlpm.custom)>0,VALUE(_xlpm.custom),100),100),_xlpm.nutrient,_xlfn.XLOOKUP(_xlpm.food,_xlpm.names,FoodLibrary[Carbs / 100g],0),IF(OR(_xlpm.food="",_xlpm.g=""),0,IFERROR(_xlpm.g*_xlpm.nutrient/_xlpm.base,0)))} -> 0 | F42: {=_xlfn.LET(_xlpm.food,TRIM(DailyIntake[[#This Row],[Food Name]]),_xlpm.g,DailyIntake[[#This Row],[Grams]],_xlpm.names,FoodLibrary[Lookup Key],_xlpm.custom,_xlfn.XLOOKUP(_xlpm.food,_xlpm.names,FoodLibrary[Custom],""),_xlpm.base,IFERROR(IF(VALUE(_xlpm.custom)>0,VALUE(_xlpm.custom),100),100),_xlpm.nutrient,_xlfn.XLOOKUP(_xlpm.food,_xlpm.names,FoodLibrary[Protein / 100g],0),IF(OR(_xlpm.food="",_xlpm.g=""),0,IFERROR(_xlpm.g*_xlpm.nutrient/_xlpm.base,0)))} -> 0 | G42: {=_xlfn.LET(_xlpm.food,TRIM(DailyIntake[[#This Row],[Food Name]]),_xlpm.g,DailyIntake[[#This Row],[Grams]],_xlpm.names,FoodLibrary[Lookup Key],_xlpm.custom,_xlfn.XLOOKUP(_xlpm.food,_xlpm.names,FoodLibrary[Custom],""),_xlpm.base,IFERROR(IF(VALUE(_xlpm.custom)>0,VALUE(_xlpm.custom),100),100),_xlpm.nutrient,_xlfn.XLOOKUP(_xlpm.food,_xlpm.names,FoodLibrary[Fat / 100g],0),IF(OR(_xlpm.food="",_xlpm.g=""),0,IFERROR(_xlpm.g*_xlpm.nutrient/_xlpm.base,0)))} -> 0 | I42: {=_xlfn.LET(_xlpm.food,TRIM(DailyIntake[[#This Row],[Food Name]]),_xlpm.names,FoodLibrary[Lookup Key],_xlpm.custom,_xlfn.XLOOKUP(_xlpm.food,_xlpm.names,FoodLibrary[Custom],""),_xlpm.base,IFERROR(VALUE(_xlpm.custom),0),IF(_xlpm.food="","",IF(_xlpm.base>0,"Food Library custom","Food Library /100g")))}
A43: Meal 3 | D43: {=_xlfn.LET(_xlpm.food,TRIM(DailyIntake[[#This Row],[Food Name]]),_xlpm.g,DailyIntake[[#This Row],[Grams]],_xlpm.names,FoodLibrary[Lookup Key],_xlpm.custom,_xlfn.XLOOKUP(_xlpm.food,_xlpm.names,FoodLibrary[Custom],""),_xlpm.base,IFERROR(IF(VALUE(_xlpm.custom)>0,VALUE(_xlpm.custom),100),100),_xlpm.nutrient,_xlfn.XLOOKUP(_xlpm.food,_xlpm.names,FoodLibrary[Calories / 100g],0),IF(OR(_xlpm.food="",_xlpm.g=""),0,IFERROR(_xlpm.g*_xlpm.nutrient/_xlpm.base,0)))} -> 0 | E43: {=_xlfn.LET(_xlpm.food,TRIM(DailyIntake[[#This Row],[Food Name]]),_xlpm.g,DailyIntake[[#This Row],[Grams]],_xlpm.names,FoodLibrary[Lookup Key],_xlpm.custom,_xlfn.XLOOKUP(_xlpm.food,_xlpm.names,FoodLibrary[Custom],""),_xlpm.base,IFERROR(IF(VALUE(_xlpm.custom)>0,VALUE(_xlpm.custom),100),100),_xlpm.nutrient,_xlfn.XLOOKUP(_xlpm.food,_xlpm.names,FoodLibrary[Carbs / 100g],0),IF(OR(_xlpm.food="",_xlpm.g=""),0,IFERROR(_xlpm.g*_xlpm.nutrient/_xlpm.base,0)))} -> 0 | F43: {=_xlfn.LET(_xlpm.food,TRIM(DailyIntake[[#This Row],[Food Name]]),_xlpm.g,DailyIntake[[#This Row],[Grams]],_xlpm.names,FoodLibrary[Lookup Key],_xlpm.custom,_xlfn.XLOOKUP(_xlpm.food,_xlpm.names,FoodLibrary[Custom],""),_xlpm.base,IFERROR(IF(VALUE(_xlpm.custom)>0,VALUE(_xlpm.custom),100),100),_xlpm.nutrient,_xlfn.XLOOKUP(_xlpm.food,_xlpm.names,FoodLibrary[Protein / 100g],0),IF(OR(_xlpm.food="",_xlpm.g=""),0,IFERROR(_xlpm.g*_xlpm.nutrient/_xlpm.base,0)))} -> 0 | G43: {=_xlfn.LET(_xlpm.food,TRIM(DailyIntake[[#This Row],[Food Name]]),_xlpm.g,DailyIntake[[#This Row],[Grams]],_xlpm.names,FoodLibrary[Lookup Key],_xlpm.custom,_xlfn.XLOOKUP(_xlpm.food,_xlpm.names,FoodLibrary[Custom],""),_xlpm.base,IFERROR(IF(VALUE(_xlpm.custom)>0,VALUE(_xlpm.custom),100),100),_xlpm.nutrient,_xlfn.XLOOKUP(_xlpm.food,_xlpm.names,FoodLibrary[Fat / 100g],0),IF(OR(_xlpm.food="",_xlpm.g=""),0,IFERROR(_xlpm.g*_xlpm.nutrient/_xlpm.base,0)))} -> 0 | I43: {=_xlfn.LET(_xlpm.food,TRIM(DailyIntake[[#This Row],[Food Name]]),_xlpm.names,FoodLibrary[Lookup Key],_xlpm.custom,_xlfn.XLOOKUP(_xlpm.food,_xlpm.names,FoodLibrary[Custom],""),_xlpm.base,IFERROR(VALUE(_xlpm.custom),0),IF(_xlpm.food="","",IF(_xlpm.base>0,"Food Library custom","Food Library /100g")))}
A44: Meal 3 | D44: {=_xlfn.LET(_xlpm.food,TRIM(DailyIntake[[#This Row],[Food Name]]),_xlpm.g,DailyIntake[[#This Row],[Grams]],_xlpm.names,FoodLibrary[Lookup Key],_xlpm.custom,_xlfn.XLOOKUP(_xlpm.food,_xlpm.names,FoodLibrary[Custom],""),_xlpm.base,IFERROR(IF(VALUE(_xlpm.custom)>0,VALUE(_xlpm.custom),100),100),_xlpm.nutrient,_xlfn.XLOOKUP(_xlpm.food,_xlpm.names,FoodLibrary[Calories / 100g],0),IF(OR(_xlpm.food="",_xlpm.g=""),0,IFERROR(_xlpm.g*_xlpm.nutrient/_xlpm.base,0)))} -> 0 | E44: {=_xlfn.LET(_xlpm.food,TRIM(DailyIntake[[#This Row],[Food Name]]),_xlpm.g,DailyIntake[[#This Row],[Grams]],_xlpm.names,FoodLibrary[Lookup Key],_xlpm.custom,_xlfn.XLOOKUP(_xlpm.food,_xlpm.names,FoodLibrary[Custom],""),_xlpm.base,IFERROR(IF(VALUE(_xlpm.custom)>0,VALUE(_xlpm.custom),100),100),_xlpm.nutrient,_xlfn.XLOOKUP(_xlpm.food,_xlpm.names,FoodLibrary[Carbs / 100g],0),IF(OR(_xlpm.food="",_xlpm.g=""),0,IFERROR(_xlpm.g*_xlpm.nutrient/_xlpm.base,0)))} -> 0 | F44: {=_xlfn.LET(_xlpm.food,TRIM(DailyIntake[[#This Row],[Food Name]]),_xlpm.g,DailyIntake[[#This Row],[Grams]],_xlpm.names,FoodLibrary[Lookup Key],_xlpm.custom,_xlfn.XLOOKUP(_xlpm.food,_xlpm.names,FoodLibrary[Custom],""),_xlpm.base,IFERROR(IF(VALUE(_xlpm.custom)>0,VALUE(_xlpm.custom),100),100),_xlpm.nutrient,_xlfn.XLOOKUP(_xlpm.food,_xlpm.names,FoodLibrary[Protein / 100g],0),IF(OR(_xlpm.food="",_xlpm.g=""),0,IFERROR(_xlpm.g*_xlpm.nutrient/_xlpm.base,0)))} -> 0 | G44: {=_xlfn.LET(_xlpm.food,TRIM(DailyIntake[[#This Row],[Food Name]]),_xlpm.g,DailyIntake[[#This Row],[Grams]],_xlpm.names,FoodLibrary[Lookup Key],_xlpm.custom,_xlfn.XLOOKUP(_xlpm.food,_xlpm.names,FoodLibrary[Custom],""),_xlpm.base,IFERROR(IF(VALUE(_xlpm.custom)>0,VALUE(_xlpm.custom),100),100),_xlpm.nutrient,_xlfn.XLOOKUP(_xlpm.food,_xlpm.names,FoodLibrary[Fat / 100g],0),IF(OR(_xlpm.food="",_xlpm.g=""),0,IFERROR(_xlpm.g*_xlpm.nutrient/_xlpm.base,0)))} -> 0 | I44: {=_xlfn.LET(_xlpm.food,TRIM(DailyIntake[[#This Row],[Food Name]]),_xlpm.names,FoodLibrary[Lookup Key],_xlpm.custom,_xlfn.XLOOKUP(_xlpm.food,_xlpm.names,FoodLibrary[Custom],""),_xlpm.base,IFERROR(VALUE(_xlpm.custom),0),IF(_xlpm.food="","",IF(_xlpm.base>0,"Food Library custom","Food Library /100g")))}
A45: Meal 3 | D45: {=_xlfn.LET(_xlpm.food,TRIM(DailyIntake[[#This Row],[Food Name]]),_xlpm.g,DailyIntake[[#This Row],[Grams]],_xlpm.names,FoodLibrary[Lookup Key],_xlpm.custom,_xlfn.XLOOKUP(_xlpm.food,_xlpm.names,FoodLibrary[Custom],""),_xlpm.base,IFERROR(IF(VALUE(_xlpm.custom)>0,VALUE(_xlpm.custom),100),100),_xlpm.nutrient,_xlfn.XLOOKUP(_xlpm.food,_xlpm.names,FoodLibrary[Calories / 100g],0),IF(OR(_xlpm.food="",_xlpm.g=""),0,IFERROR(_xlpm.g*_xlpm.nutrient/_xlpm.base,0)))} -> 0 | E45: {=_xlfn.LET(_xlpm.food,TRIM(DailyIntake[[#This Row],[Food Name]]),_xlpm.g,DailyIntake[[#This Row],[Grams]],_xlpm.names,FoodLibrary[Lookup Key],_xlpm.custom,_xlfn.XLOOKUP(_xlpm.food,_xlpm.names,FoodLibrary[Custom],""),_xlpm.base,IFERROR(IF(VALUE(_xlpm.custom)>0,VALUE(_xlpm.custom),100),100),_xlpm.nutrient,_xlfn.XLOOKUP(_xlpm.food,_xlpm.names,FoodLibrary[Carbs / 100g],0),IF(OR(_xlpm.food="",_xlpm.g=""),0,IFERROR(_xlpm.g*_xlpm.nutrient/_xlpm.base,0)))} -> 0 | F45: {=_xlfn.LET(_xlpm.food,TRIM(DailyIntake[[#This Row],[Food Name]]),_xlpm.g,DailyIntake[[#This Row],[Grams]],_xlpm.names,FoodLibrary[Lookup Key],_xlpm.custom,_xlfn.XLOOKUP(_xlpm.food,_xlpm.names,FoodLibrary[Custom],""),_xlpm.base,IFERROR(IF(VALUE(_xlpm.custom)>0,VALUE(_xlpm.custom),100),100),_xlpm.nutrient,_xlfn.XLOOKUP(_xlpm.food,_xlpm.names,FoodLibrary[Protein / 100g],0),IF(OR(_xlpm.food="",_xlpm.g=""),0,IFERROR(_xlpm.g*_xlpm.nutrient/_xlpm.base,0)))} -> 0 | G45: {=_xlfn.LET(_xlpm.food,TRIM(DailyIntake[[#This Row],[Food Name]]),_xlpm.g,DailyIntake[[#This Row],[Grams]],_xlpm.names,FoodLibrary[Lookup Key],_xlpm.custom,_xlfn.XLOOKUP(_xlpm.food,_xlpm.names,FoodLibrary[Custom],""),_xlpm.base,IFERROR(IF(VALUE(_xlpm.custom)>0,VALUE(_xlpm.custom),100),100),_xlpm.nutrient,_xlfn.XLOOKUP(_xlpm.food,_xlpm.names,FoodLibrary[Fat / 100g],0),IF(OR(_xlpm.food="",_xlpm.g=""),0,IFERROR(_xlpm.g*_xlpm.nutrient/_xlpm.base,0)))} -> 0 | I45: {=_xlfn.LET(_xlpm.food,TRIM(DailyIntake[[#This Row],[Food Name]]),_xlpm.names,FoodLibrary[Lookup Key],_xlpm.custom,_xlfn.XLOOKUP(_xlpm.food,_xlpm.names,FoodLibrary[Custom],""),_xlpm.base,IFERROR(VALUE(_xlpm.custom),0),IF(_xlpm.food="","",IF(_xlpm.base>0,"Food Library custom","Food Library /100g")))}
A46: Meal 3 | D46: {=_xlfn.LET(_xlpm.food,TRIM(DailyIntake[[#This Row],[Food Name]]),_xlpm.g,DailyIntake[[#This Row],[Grams]],_xlpm.names,FoodLibrary[Lookup Key],_xlpm.custom,_xlfn.XLOOKUP(_xlpm.food,_xlpm.names,FoodLibrary[Custom],""),_xlpm.base,IFERROR(IF(VALUE(_xlpm.custom)>0,VALUE(_xlpm.custom),100),100),_xlpm.nutrient,_xlfn.XLOOKUP(_xlpm.food,_xlpm.names,FoodLibrary[Calories / 100g],0),IF(OR(_xlpm.food="",_xlpm.g=""),0,IFERROR(_xlpm.g*_xlpm.nutrient/_xlpm.base,0)))} -> 0 | E46: {=_xlfn.LET(_xlpm.food,TRIM(DailyIntake[[#This Row],[Food Name]]),_xlpm.g,DailyIntake[[#This Row],[Grams]],_xlpm.names,FoodLibrary[Lookup Key],_xlpm.custom,_xlfn.XLOOKUP(_xlpm.food,_xlpm.names,FoodLibrary[Custom],""),_xlpm.base,IFERROR(IF(VALUE(_xlpm.custom)>0,VALUE(_xlpm.custom),100),100),_xlpm.nutrient,_xlfn.XLOOKUP(_xlpm.food,_xlpm.names,FoodLibrary[Carbs / 100g],0),IF(OR(_xlpm.food="",_xlpm.g=""),0,IFERROR(_xlpm.g*_xlpm.nutrient/_xlpm.base,0)))} -> 0 | F46: {=_xlfn.LET(_xlpm.food,TRIM(DailyIntake[[#This Row],[Food Name]]),_xlpm.g,DailyIntake[[#This Row],[Grams]],_xlpm.names,FoodLibrary[Lookup Key],_xlpm.custom,_xlfn.XLOOKUP(_xlpm.food,_xlpm.names,FoodLibrary[Custom],""),_xlpm.base,IFERROR(IF(VALUE(_xlpm.custom)>0,VALUE(_xlpm.custom),100),100),_xlpm.nutrient,_xlfn.XLOOKUP(_xlpm.food,_xlpm.names,FoodLibrary[Protein / 100g],0),IF(OR(_xlpm.food="",_xlpm.g=""),0,IFERROR(_xlpm.g*_xlpm.nutrient/_xlpm.base,0)))} -> 0 | G46: {=_xlfn.LET(_xlpm.food,TRIM(DailyIntake[[#This Row],[Food Name]]),_xlpm.g,DailyIntake[[#This Row],[Grams]],_xlpm.names,FoodLibrary[Lookup Key],_xlpm.custom,_xlfn.XLOOKUP(_xlpm.food,_xlpm.names,FoodLibrary[Custom],""),_xlpm.base,IFERROR(IF(VALUE(_xlpm.custom)>0,VALUE(_xlpm.custom),100),100),_xlpm.nutrient,_xlfn.XLOOKUP(_xlpm.food,_xlpm.names,FoodLibrary[Fat / 100g],0),IF(OR(_xlpm.food="",_xlpm.g=""),0,IFERROR(_xlpm.g*_xlpm.nutrient/_xlpm.base,0)))} -> 0 | I46: {=_xlfn.LET(_xlpm.food,TRIM(DailyIntake[[#This Row],[Food Name]]),_xlpm.names,FoodLibrary[Lookup Key],_xlpm.custom,_xlfn.XLOOKUP(_xlpm.food,_xlpm.names,FoodLibrary[Custom],""),_xlpm.base,IFERROR(VALUE(_xlpm.custom),0),IF(_xlpm.food="","",IF(_xlpm.base>0,"Food Library custom","Food Library /100g")))}
A47: Meal 3 | D47: {=_xlfn.LET(_xlpm.food,TRIM(DailyIntake[[#This Row],[Food Name]]),_xlpm.g,DailyIntake[[#This Row],[Grams]],_xlpm.names,FoodLibrary[Lookup Key],_xlpm.custom,_xlfn.XLOOKUP(_xlpm.food,_xlpm.names,FoodLibrary[Custom],""),_xlpm.base,IFERROR(IF(VALUE(_xlpm.custom)>0,VALUE(_xlpm.custom),100),100),_xlpm.nutrient,_xlfn.XLOOKUP(_xlpm.food,_xlpm.names,FoodLibrary[Calories / 100g],0),IF(OR(_xlpm.food="",_xlpm.g=""),0,IFERROR(_xlpm.g*_xlpm.nutrient/_xlpm.base,0)))} -> 0 | E47: {=_xlfn.LET(_xlpm.food,TRIM(DailyIntake[[#This Row],[Food Name]]),_xlpm.g,DailyIntake[[#This Row],[Grams]],_xlpm.names,FoodLibrary[Lookup Key],_xlpm.custom,_xlfn.XLOOKUP(_xlpm.food,_xlpm.names,FoodLibrary[Custom],""),_xlpm.base,IFERROR(IF(VALUE(_xlpm.custom)>0,VALUE(_xlpm.custom),100),100),_xlpm.nutrient,_xlfn.XLOOKUP(_xlpm.food,_xlpm.names,FoodLibrary[Carbs / 100g],0),IF(OR(_xlpm.food="",_xlpm.g=""),0,IFERROR(_xlpm.g*_xlpm.nutrient/_xlpm.base,0)))} -> 0 | F47: {=_xlfn.LET(_xlpm.food,TRIM(DailyIntake[[#This Row],[Food Name]]),_xlpm.g,DailyIntake[[#This Row],[Grams]],_xlpm.names,FoodLibrary[Lookup Key],_xlpm.custom,_xlfn.XLOOKUP(_xlpm.food,_xlpm.names,FoodLibrary[Custom],""),_xlpm.base,IFERROR(IF(VALUE(_xlpm.custom)>0,VALUE(_xlpm.custom),100),100),_xlpm.nutrient,_xlfn.XLOOKUP(_xlpm.food,_xlpm.names,FoodLibrary[Protein / 100g],0),IF(OR(_xlpm.food="",_xlpm.g=""),0,IFERROR(_xlpm.g*_xlpm.nutrient/_xlpm.base,0)))} -> 0 | G47: {=_xlfn.LET(_xlpm.food,TRIM(DailyIntake[[#This Row],[Food Name]]),_xlpm.g,DailyIntake[[#This Row],[Grams]],_xlpm.names,FoodLibrary[Lookup Key],_xlpm.custom,_xlfn.XLOOKUP(_xlpm.food,_xlpm.names,FoodLibrary[Custom],""),_xlpm.base,IFERROR(IF(VALUE(_xlpm.custom)>0,VALUE(_xlpm.custom),100),100),_xlpm.nutrient,_xlfn.XLOOKUP(_xlpm.food,_xlpm.names,FoodLibrary[Fat / 100g],0),IF(OR(_xlpm.food="",_xlpm.g=""),0,IFERROR(_xlpm.g*_xlpm.nutrient/_xlpm.base,0)))} -> 0 | I47: {=_xlfn.LET(_xlpm.food,TRIM(DailyIntake[[#This Row],[Food Name]]),_xlpm.names,FoodLibrary[Lookup Key],_xlpm.custom,_xlfn.XLOOKUP(_xlpm.food,_xlpm.names,FoodLibrary[Custom],""),_xlpm.base,IFERROR(VALUE(_xlpm.custom),0),IF(_xlpm.food="","",IF(_xlpm.base>0,"Food Library custom","Food Library /100g")))}
A48: Meal 4 | B48: Harraways Oat | C48: 120 | D48: {=_xlfn.LET(_xlpm.food,TRIM(DailyIntake[[#This Row],[Food Name]]),_xlpm.g,DailyIntake[[#This Row],[Grams]],_xlpm.names,FoodLibrary[Lookup Key],_xlpm.custom,_xlfn.XLOOKUP(_xlpm.food,_xlpm.names,FoodLibrary[Custom],""),_xlpm.base,IFERROR(IF(VALUE(_xlpm.custom)>0,VALUE(_xlpm.custom),100),100),_xlpm.nutrient,_xlfn.XLOOKUP(_xlpm.food,_xlpm.names,FoodLibrary[Calories / 100g],0),IF(OR(_xlpm.food="",_xlpm.g=""),0,IFERROR(_xlpm.g*_xlpm.nutrient/_xlpm.base,0)))} -> 433.2 | E48: {=_xlfn.LET(_xlpm.food,TRIM(DailyIntake[[#This Row],[Food Name]]),_xlpm.g,DailyIntake[[#This Row],[Grams]],_xlpm.names,FoodLibrary[Lookup Key],_xlpm.custom,_xlfn.XLOOKUP(_xlpm.food,_xlpm.names,FoodLibrary[Custom],""),_xlpm.base,IFERROR(IF(VALUE(_xlpm.custom)>0,VALUE(_xlpm.custom),100),100),_xlpm.nutrient,_xlfn.XLOOKUP(_xlpm.food,_xlpm.names,FoodLibrary[Carbs / 100g],0),IF(OR(_xlpm.food="",_xlpm.g=""),0,IFERROR(_xlpm.g*_xlpm.nutrient/_xlpm.base,0)))} -> 65.16 | F48: {=_xlfn.LET(_xlpm.food,TRIM(DailyIntake[[#This Row],[Food Name]]),_xlpm.g,DailyIntake[[#This Row],[Grams]],_xlpm.names,FoodLibrary[Lookup Key],_xlpm.custom,_xlfn.XLOOKUP(_xlpm.food,_xlpm.names,FoodLibrary[Custom],""),_xlpm.base,IFERROR(IF(VALUE(_xlpm.custom)>0,VALUE(_xlpm.custom),100),100),_xlpm.nutrient,_xlfn.XLOOKUP(_xlpm.food,_xlpm.names,FoodLibrary[Protein / 100g],0),IF(OR(_xlpm.food="",_xlpm.g=""),0,IFERROR(_xlpm.g*_xlpm.nutrient/_xlpm.base,0)))} -> 16.8 | G48: {=_xlfn.LET(_xlpm.food,TRIM(DailyIntake[[#This Row],[Food Name]]),_xlpm.g,DailyIntake[[#This Row],[Grams]],_xlpm.names,FoodLibrary[Lookup Key],_xlpm.custom,_xlfn.XLOOKUP(_xlpm.food,_xlpm.names,FoodLibrary[Custom],""),_xlpm.base,IFERROR(IF(VALUE(_xlpm.custom)>0,VALUE(_xlpm.custom),100),100),_xlpm.nutrient,_xlfn.XLOOKUP(_xlpm.food,_xlpm.names,FoodLibrary[Fat / 100g],0),IF(OR(_xlpm.food="",_xlpm.g=""),0,IFERROR(_xlpm.g*_xlpm.nutrient/_xlpm.base,0)))} -> 8.16 | I48: {=_xlfn.LET(_xlpm.food,TRIM(DailyIntake[[#This Row],[Food Name]]),_xlpm.names,FoodLibrary[Lookup Key],_xlpm.custom,_xlfn.XLOOKUP(_xlpm.food,_xlpm.names,FoodLibrary[Custom],""),_xlpm.base,IFERROR(VALUE(_xlpm.custom),0),IF(_xlpm.food="","",IF(_xlpm.base>0,"Food Library custom","Food Library /100g")))} -> Food Library /100g
A49: Meal 4 | B49: Chobani Greek | C49: 100 | D49: {=_xlfn.LET(_xlpm.food,TRIM(DailyIntake[[#This Row],[Food Name]]),_xlpm.g,DailyIntake[[#This Row],[Grams]],_xlpm.names,FoodLibrary[Lookup Key],_xlpm.custom,_xlfn.XLOOKUP(_xlpm.food,_xlpm.names,FoodLibrary[Custom],""),_xlpm.base,IFERROR(IF(VALUE(_xlpm.custom)>0,VALUE(_xlpm.custom),100),100),_xlpm.nutrient,_xlfn.XLOOKUP(_xlpm.food,_xlpm.names,FoodLibrary[Calories / 100g],0),IF(OR(_xlpm.food="",_xlpm.g=""),0,IFERROR(_xlpm.g*_xlpm.nutrient/_xlpm.base,0)))} -> 55.625 | E49: {=_xlfn.LET(_xlpm.food,TRIM(DailyIntake[[#This Row],[Food Name]]),_xlpm.g,DailyIntake[[#This Row],[Grams]],_xlpm.names,FoodLibrary[Lookup Key],_xlpm.custom,_xlfn.XLOOKUP(_xlpm.food,_xlpm.names,FoodLibrary[Custom],""),_xlpm.base,IFERROR(IF(VALUE(_xlpm.custom)>0,VALUE(_xlpm.custom),100),100),_xlpm.nutrient,_xlfn.XLOOKUP(_xlpm.food,_xlpm.names,FoodLibrary[Carbs / 100g],0),IF(OR(_xlpm.food="",_xlpm.g=""),0,IFERROR(_xlpm.g*_xlpm.nutrient/_xlpm.base,0)))} -> 4 | F49: {=_xlfn.LET(_xlpm.food,TRIM(DailyIntake[[#This Row],[Food Name]]),_xlpm.g,DailyIntake[[#This Row],[Grams]],_xlpm.names,FoodLibrary[Lookup Key],_xlpm.custom,_xlfn.XLOOKUP(_xlpm.food,_xlpm.names,FoodLibrary[Custom],""),_xlpm.base,IFERROR(IF(VALUE(_xlpm.custom)>0,VALUE(_xlpm.custom),100),100),_xlpm.nutrient,_xlfn.XLOOKUP(_xlpm.food,_xlpm.names,FoodLibrary[Protein / 100g],0),IF(OR(_xlpm.food="",_xlpm.g=""),0,IFERROR(_xlpm.g*_xlpm.nutrient/_xlpm.base,0)))} -> 9.3125 | G49: {=_xlfn.LET(_xlpm.food,TRIM(DailyIntake[[#This Row],[Food Name]]),_xlpm.g,DailyIntake[[#This Row],[Grams]],_xlpm.names,FoodLibrary[Lookup Key],_xlpm.custom,_xlfn.XLOOKUP(_xlpm.food,_xlpm.names,FoodLibrary[Custom],""),_xlpm.base,IFERROR(IF(VALUE(_xlpm.custom)>0,VALUE(_xlpm.custom),100),100),_xlpm.nutrient,_xlfn.XLOOKUP(_xlpm.food,_xlpm.names,FoodLibrary[Fat / 100g],0),IF(OR(_xlpm.food="",_xlpm.g=""),0,IFERROR(_xlpm.g*_xlpm.nutrient/_xlpm.base,0)))} -> 0.1875 | I49: {=_xlfn.LET(_xlpm.food,TRIM(DailyIntake[[#This Row],[Food Name]]),_xlpm.names,FoodLibrary[Lookup Key],_xlpm.custom,_xlfn.XLOOKUP(_xlpm.food,_xlpm.names,FoodLibrary[Custom],""),_xlpm.base,IFERROR(VALUE(_xlpm.custom),0),IF(_xlpm.food="","",IF(_xlpm.base>0,"Food Library custom","Food Library /100g")))} -> Food Library /100g
A50: Meal 4 | B50: Mixed Berries | C50: 100 | D50: {=_xlfn.LET(_xlpm.food,TRIM(DailyIntake[[#This Row],[Food Name]]),_xlpm.g,DailyIntake[[#This Row],[Grams]],_xlpm.names,FoodLibrary[Lookup Key],_xlpm.custom,_xlfn.XLOOKUP(_xlpm.food,_xlpm.names,FoodLibrary[Custom],""),_xlpm.base,IFERROR(IF(VALUE(_xlpm.custom)>0,VALUE(_xlpm.custom),100),100),_xlpm.nutrient,_xlfn.XLOOKUP(_xlpm.food,_xlpm.names,FoodLibrary[Calories / 100g],0),IF(OR(_xlpm.food="",_xlpm.g=""),0,IFERROR(_xlpm.g*_xlpm.nutrient/_xlpm.base,0)))} -> 43.26 | E50: {=_xlfn.LET(_xlpm.food,TRIM(DailyIntake[[#This Row],[Food Name]]),_xlpm.g,DailyIntake[[#This Row],[Grams]],_xlpm.names,FoodLibrary[Lookup Key],_xlpm.custom,_xlfn.XLOOKUP(_xlpm.food,_xlpm.names,FoodLibrary[Custom],""),_xlpm.base,IFERROR(IF(VALUE(_xlpm.custom)>0,VALUE(_xlpm.custom),100),100),_xlpm.nutrient,_xlfn.XLOOKUP(_xlpm.food,_xlpm.names,FoodLibrary[Carbs / 100g],0),IF(OR(_xlpm.food="",_xlpm.g=""),0,IFERROR(_xlpm.g*_xlpm.nutrient/_xlpm.base,0)))} -> 6.4 | F50: {=_xlfn.LET(_xlpm.food,TRIM(DailyIntake[[#This Row],[Food Name]]),_xlpm.g,DailyIntake[[#This Row],[Grams]],_xlpm.names,FoodLibrary[Lookup Key],_xlpm.custom,_xlfn.XLOOKUP(_xlpm.food,_xlpm.names,FoodLibrary[Custom],""),_xlpm.base,IFERROR(IF(VALUE(_xlpm.custom)>0,VALUE(_xlpm.custom),100),100),_xlpm.nutrient,_xlfn.XLOOKUP(_xlpm.food,_xlpm.names,FoodLibrary[Protein / 100g],0),IF(OR(_xlpm.food="",_xlpm.g=""),0,IFERROR(_xlpm.g*_xlpm.nutrient/_xlpm.base,0)))} -> 1 | G50: {=_xlfn.LET(_xlpm.food,TRIM(DailyIntake[[#This Row],[Food Name]]),_xlpm.g,DailyIntake[[#This Row],[Grams]],_xlpm.names,FoodLibrary[Lookup Key],_xlpm.custom,_xlfn.XLOOKUP(_xlpm.food,_xlpm.names,FoodLibrary[Custom],""),_xlpm.base,IFERROR(IF(VALUE(_xlpm.custom)>0,VALUE(_xlpm.custom),100),100),_xlpm.nutrient,_xlfn.XLOOKUP(_xlpm.food,_xlpm.names,FoodLibrary[Fat / 100g],0),IF(OR(_xlpm.food="",_xlpm.g=""),0,IFERROR(_xlpm.g*_xlpm.nutrient/_xlpm.base,0)))} -> 0.2 | I50: {=_xlfn.LET(_xlpm.food,TRIM(DailyIntake[[#This Row],[Food Name]]),_xlpm.names,FoodLibrary[Lookup Key],_xlpm.custom,_xlfn.XLOOKUP(_xlpm.food,_xlpm.names,FoodLibrary[Custom],""),_xlpm.base,IFERROR(VALUE(_xlpm.custom),0),IF(_xlpm.food="","",IF(_xlpm.base>0,"Food Library custom","Food Library /100g")))} -> Food Library /100g
A51: Meal 4 | B51: Optimum Protein Powder | C51: 30 | D51: {=_xlfn.LET(_xlpm.food,TRIM(DailyIntake[[#This Row],[Food Name]]),_xlpm.g,DailyIntake[[#This Row],[Grams]],_xlpm.names,FoodLibrary[Lookup Key],_xlpm.custom,_xlfn.XLOOKUP(_xlpm.food,_xlpm.names,FoodLibrary[Custom],""),_xlpm.base,IFERROR(IF(VALUE(_xlpm.custom)>0,VALUE(_xlpm.custom),100),100),_xlpm.nutrient,_xlfn.XLOOKUP(_xlpm.food,_xlpm.names,FoodLibrary[Calories / 100g],0),IF(OR(_xlpm.food="",_xlpm.g=""),0,IFERROR(_xlpm.g*_xlpm.nutrient/_xlpm.base,0)))} -> 117.43421 | E51: {=_xlfn.LET(_xlpm.food,TRIM(DailyIntake[[#This Row],[Food Name]]),_xlpm.g,DailyIntake[[#This Row],[Grams]],_xlpm.names,FoodLibrary[Lookup Key],_xlpm.custom,_xlfn.XLOOKUP(_xlpm.food,_xlpm.names,FoodLibrary[Custom],""),_xlpm.base,IFERROR(IF(VALUE(_xlpm.custom)>0,VALUE(_xlpm.custom),100),100),_xlpm.nutrient,_xlfn.XLOOKUP(_xlpm.food,_xlpm.names,FoodLibrary[Carbs / 100g],0),IF(OR(_xlpm.food="",_xlpm.g=""),0,IFERROR(_xlpm.g*_xlpm.nutrient/_xlpm.base,0)))} -> 2.9605263 | F51: {=_xlfn.LET(_xlpm.food,TRIM(DailyIntake[[#This Row],[Food Name]]),_xlpm.g,DailyIntake[[#This Row],[Grams]],_xlpm.names,FoodLibrary[Lookup Key],_xlpm.custom,_xlfn.XLOOKUP(_xlpm.food,_xlpm.names,FoodLibrary[Custom],""),_xlpm.base,IFERROR(IF(VALUE(_xlpm.custom)>0,VALUE(_xlpm.custom),100),100),_xlpm.nutrient,_xlfn.XLOOKUP(_xlpm.food,_xlpm.names,FoodLibrary[Protein / 100g],0),IF(OR(_xlpm.food="",_xlpm.g=""),0,IFERROR(_xlpm.g*_xlpm.nutrient/_xlpm.base,0)))} -> 23.684211 | G51: {=_xlfn.LET(_xlpm.food,TRIM(DailyIntake[[#This Row],[Food Name]]),_xlpm.g,DailyIntake[[#This Row],[Grams]],_xlpm.names,FoodLibrary[Lookup Key],_xlpm.custom,_xlfn.XLOOKUP(_xlpm.food,_xlpm.names,FoodLibrary[Custom],""),_xlpm.base,IFERROR(IF(VALUE(_xlpm.custom)>0,VALUE(_xlpm.custom),100),100),_xlpm.nutrient,_xlfn.XLOOKUP(_xlpm.food,_xlpm.names,FoodLibrary[Fat / 100g],0),IF(OR(_xlpm.food="",_xlpm.g=""),0,IFERROR(_xlpm.g*_xlpm.nutrient/_xlpm.base,0)))} -> 0.98684211 | I51: {=_xlfn.LET(_xlpm.food,TRIM(DailyIntake[[#This Row],[Food Name]]),_xlpm.names,FoodLibrary[Lookup Key],_xlpm.custom,_xlfn.XLOOKUP(_xlpm.food,_xlpm.names,FoodLibrary[Custom],""),_xlpm.base,IFERROR(VALUE(_xlpm.custom),0),IF(_xlpm.food="","",IF(_xlpm.base>0,"Food Library custom","Food Library /100g")))} -> Food Library /100g
A52: Meal 4 | B52: Creatine Blueberry | C52: 5 | D52: {=_xlfn.LET(_xlpm.food,TRIM(DailyIntake[[#This Row],[Food Name]]),_xlpm.g,DailyIntake[[#This Row],[Grams]],_xlpm.names,FoodLibrary[Lookup Key],_xlpm.custom,_xlfn.XLOOKUP(_xlpm.food,_xlpm.names,FoodLibrary[Custom],""),_xlpm.base,IFERROR(IF(VALUE(_xlpm.custom)>0,VALUE(_xlpm.custom),100),100),_xlpm.nutrient,_xlfn.XLOOKUP(_xlpm.food,_xlpm.names,FoodLibrary[Calories / 100g],0),IF(OR(_xlpm.food="",_xlpm.g=""),0,IFERROR(_xlpm.g*_xlpm.nutrient/_xlpm.base,0)))} -> 4.1666667 | E52: {=_xlfn.LET(_xlpm.food,TRIM(DailyIntake[[#This Row],[Food Name]]),_xlpm.g,DailyIntake[[#This Row],[Grams]],_xlpm.names,FoodLibrary[Lookup Key],_xlpm.custom,_xlfn.XLOOKUP(_xlpm.food,_xlpm.names,FoodLibrary[Custom],""),_xlpm.base,IFERROR(IF(VALUE(_xlpm.custom)>0,VALUE(_xlpm.custom),100),100),_xlpm.nutrient,_xlfn.XLOOKUP(_xlpm.food,_xlpm.names,FoodLibrary[Carbs / 100g],0),IF(OR(_xlpm.food="",_xlpm.g=""),0,IFERROR(_xlpm.g*_xlpm.nutrient/_xlpm.base,0)))} -> 0.83333333 | F52: {=_xlfn.LET(_xlpm.food,TRIM(DailyIntake[[#This Row],[Food Name]]),_xlpm.g,DailyIntake[[#This Row],[Grams]],_xlpm.names,FoodLibrary[Lookup Key],_xlpm.custom,_xlfn.XLOOKUP(_xlpm.food,_xlpm.names,FoodLibrary[Custom],""),_xlpm.base,IFERROR(IF(VALUE(_xlpm.custom)>0,VALUE(_xlpm.custom),100),100),_xlpm.nutrient,_xlfn.XLOOKUP(_xlpm.food,_xlpm.names,FoodLibrary[Protein / 100g],0),IF(OR(_xlpm.food="",_xlpm.g=""),0,IFERROR(_xlpm.g*_xlpm.nutrient/_xlpm.base,0)))} -> 0 | G52: {=_xlfn.LET(_xlpm.food,TRIM(DailyIntake[[#This Row],[Food Name]]),_xlpm.g,DailyIntake[[#This Row],[Grams]],_xlpm.names,FoodLibrary[Lookup Key],_xlpm.custom,_xlfn.XLOOKUP(_xlpm.food,_xlpm.names,FoodLibrary[Custom],""),_xlpm.base,IFERROR(IF(VALUE(_xlpm.custom)>0,VALUE(_xlpm.custom),100),100),_xlpm.nutrient,_xlfn.XLOOKUP(_xlpm.food,_xlpm.names,FoodLibrary[Fat / 100g],0),IF(OR(_xlpm.food="",_xlpm.g=""),0,IFERROR(_xlpm.g*_xlpm.nutrient/_xlpm.base,0)))} -> 0 | I52: {=_xlfn.LET(_xlpm.food,TRIM(DailyIntake[[#This Row],[Food Name]]),_xlpm.names,FoodLibrary[Lookup Key],_xlpm.custom,_xlfn.XLOOKUP(_xlpm.food,_xlpm.names,FoodLibrary[Custom],""),_xlpm.base,IFERROR(VALUE(_xlpm.custom),0),IF(_xlpm.food="","",IF(_xlpm.base>0,"Food Library custom","Food Library /100g")))} -> Food Library custom
A53: Meal 4 | B53: Optimum Amino/Electrolyde | C53: 3 | D53: {=_xlfn.LET(_xlpm.food,TRIM(DailyIntake[[#This Row],[Food Name]]),_xlpm.g,DailyIntake[[#This Row],[Grams]],_xlpm.names,FoodLibrary[Lookup Key],_xlpm.custom,_xlfn.XLOOKUP(_xlpm.food,_xlpm.names,FoodLibrary[Custom],""),_xlpm.base,IFERROR(IF(VALUE(_xlpm.custom)>0,VALUE(_xlpm.custom),100),100),_xlpm.nutrient,_xlfn.XLOOKUP(_xlpm.food,_xlpm.names,FoodLibrary[Calories / 100g],0),IF(OR(_xlpm.food="",_xlpm.g=""),0,IFERROR(_xlpm.g*_xlpm.nutrient/_xlpm.base,0)))} -> 1.3333333 | E53: {=_xlfn.LET(_xlpm.food,TRIM(DailyIntake[[#This Row],[Food Name]]),_xlpm.g,DailyIntake[[#This Row],[Grams]],_xlpm.names,FoodLibrary[Lookup Key],_xlpm.custom,_xlfn.XLOOKUP(_xlpm.food,_xlpm.names,FoodLibrary[Custom],""),_xlpm.base,IFERROR(IF(VALUE(_xlpm.custom)>0,VALUE(_xlpm.custom),100),100),_xlpm.nutrient,_xlfn.XLOOKUP(_xlpm.food,_xlpm.names,FoodLibrary[Carbs / 100g],0),IF(OR(_xlpm.food="",_xlpm.g=""),0,IFERROR(_xlpm.g*_xlpm.nutrient/_xlpm.base,0)))} -> 0.33333333 | F53: {=_xlfn.LET(_xlpm.food,TRIM(DailyIntake[[#This Row],[Food Name]]),_xlpm.g,DailyIntake[[#This Row],[Grams]],_xlpm.names,FoodLibrary[Lookup Key],_xlpm.custom,_xlfn.XLOOKUP(_xlpm.food,_xlpm.names,FoodLibrary[Custom],""),_xlpm.base,IFERROR(IF(VALUE(_xlpm.custom)>0,VALUE(_xlpm.custom),100),100),_xlpm.nutrient,_xlfn.XLOOKUP(_xlpm.food,_xlpm.names,FoodLibrary[Protein / 100g],0),IF(OR(_xlpm.food="",_xlpm.g=""),0,IFERROR(_xlpm.g*_xlpm.nutrient/_xlpm.base,0)))} -> 0 | G53: {=_xlfn.LET(_xlpm.food,TRIM(DailyIntake[[#This Row],[Food Name]]),_xlpm.g,DailyIntake[[#This Row],[Grams]],_xlpm.names,FoodLibrary[Lookup Key],_xlpm.custom,_xlfn.XLOOKUP(_xlpm.food,_xlpm.names,FoodLibrary[Custom],""),_xlpm.base,IFERROR(IF(VALUE(_xlpm.custom)>0,VALUE(_xlpm.custom),100),100),_xlpm.nutrient,_xlfn.XLOOKUP(_xlpm.food,_xlpm.names,FoodLibrary[Fat / 100g],0),IF(OR(_xlpm.food="",_xlpm.g=""),0,IFERROR(_xlpm.g*_xlpm.nutrient/_xlpm.base,0)))} -> 0 | I53: {=_xlfn.LET(_xlpm.food,TRIM(DailyIntake[[#This Row],[Food Name]]),_xlpm.names,FoodLibrary[Lookup Key],_xlpm.custom,_xlfn.XLOOKUP(_xlpm.food,_xlpm.names,FoodLibrary[Custom],""),_xlpm.base,IFERROR(VALUE(_xlpm.custom),0),IF(_xlpm.food="","",IF(_xlpm.base>0,"Food Library custom","Food Library /100g")))} -> Food Library custom
A54: Meal 4 | D54: {=_xlfn.LET(_xlpm.food,TRIM(DailyIntake[[#This Row],[Food Name]]),_xlpm.g,DailyIntake[[#This Row],[Grams]],_xlpm.names,FoodLibrary[Lookup Key],_xlpm.custom,_xlfn.XLOOKUP(_xlpm.food,_xlpm.names,FoodLibrary[Custom],""),_xlpm.base,IFERROR(IF(VALUE(_xlpm.custom)>0,VALUE(_xlpm.custom),100),100),_xlpm.nutrient,_xlfn.XLOOKUP(_xlpm.food,_xlpm.names,FoodLibrary[Calories / 100g],0),IF(OR(_xlpm.food="",_xlpm.g=""),0,IFERROR(_xlpm.g*_xlpm.nutrient/_xlpm.base,0)))} -> 0 | E54: {=_xlfn.LET(_xlpm.food,TRIM(DailyIntake[[#This Row],[Food Name]]),_xlpm.g,DailyIntake[[#This Row],[Grams]],_xlpm.names,FoodLibrary[Lookup Key],_xlpm.custom,_xlfn.XLOOKUP(_xlpm.food,_xlpm.names,FoodLibrary[Custom],""),_xlpm.base,IFERROR(IF(VALUE(_xlpm.custom)>0,VALUE(_xlpm.custom),100),100),_xlpm.nutrient,_xlfn.XLOOKUP(_xlpm.food,_xlpm.names,FoodLibrary[Carbs / 100g],0),IF(OR(_xlpm.food="",_xlpm.g=""),0,IFERROR(_xlpm.g*_xlpm.nutrient/_xlpm.base,0)))} -> 0 | F54: {=_xlfn.LET(_xlpm.food,TRIM(DailyIntake[[#This Row],[Food Name]]),_xlpm.g,DailyIntake[[#This Row],[Grams]],_xlpm.names,FoodLibrary[Lookup Key],_xlpm.custom,_xlfn.XLOOKUP(_xlpm.food,_xlpm.names,FoodLibrary[Custom],""),_xlpm.base,IFERROR(IF(VALUE(_xlpm.custom)>0,VALUE(_xlpm.custom),100),100),_xlpm.nutrient,_xlfn.XLOOKUP(_xlpm.food,_xlpm.names,FoodLibrary[Protein / 100g],0),IF(OR(_xlpm.food="",_xlpm.g=""),0,IFERROR(_xlpm.g*_xlpm.nutrient/_xlpm.base,0)))} -> 0 | G54: {=_xlfn.LET(_xlpm.food,TRIM(DailyIntake[[#This Row],[Food Name]]),_xlpm.g,DailyIntake[[#This Row],[Grams]],_xlpm.names,FoodLibrary[Lookup Key],_xlpm.custom,_xlfn.XLOOKUP(_xlpm.food,_xlpm.names,FoodLibrary[Custom],""),_xlpm.base,IFERROR(IF(VALUE(_xlpm.custom)>0,VALUE(_xlpm.custom),100),100),_xlpm.nutrient,_xlfn.XLOOKUP(_xlpm.food,_xlpm.names,FoodLibrary[Fat / 100g],0),IF(OR(_xlpm.food="",_xlpm.g=""),0,IFERROR(_xlpm.g*_xlpm.nutrient/_xlpm.base,0)))} -> 0 | I54: {=_xlfn.LET(_xlpm.food,TRIM(DailyIntake[[#This Row],[Food Name]]),_xlpm.names,FoodLibrary[Lookup Key],_xlpm.custom,_xlfn.XLOOKUP(_xlpm.food,_xlpm.names,FoodLibrary[Custom],""),_xlpm.base,IFERROR(VALUE(_xlpm.custom),0),IF(_xlpm.food="","",IF(_xlpm.base>0,"Food Library custom","Food Library /100g")))}
A55: Meal 4 | D55: {=_xlfn.LET(_xlpm.food,TRIM(DailyIntake[[#This Row],[Food Name]]),_xlpm.g,DailyIntake[[#This Row],[Grams]],_xlpm.names,FoodLibrary[Lookup Key],_xlpm.custom,_xlfn.XLOOKUP(_xlpm.food,_xlpm.names,FoodLibrary[Custom],""),_xlpm.base,IFERROR(IF(VALUE(_xlpm.custom)>0,VALUE(_xlpm.custom),100),100),_xlpm.nutrient,_xlfn.XLOOKUP(_xlpm.food,_xlpm.names,FoodLibrary[Calories / 100g],0),IF(OR(_xlpm.food="",_xlpm.g=""),0,IFERROR(_xlpm.g*_xlpm.nutrient/_xlpm.base,0)))} -> 0 | E55: {=_xlfn.LET(_xlpm.food,TRIM(DailyIntake[[#This Row],[Food Name]]),_xlpm.g,DailyIntake[[#This Row],[Grams]],_xlpm.names,FoodLibrary[Lookup Key],_xlpm.custom,_xlfn.XLOOKUP(_xlpm.food,_xlpm.names,FoodLibrary[Custom],""),_xlpm.base,IFERROR(IF(VALUE(_xlpm.custom)>0,VALUE(_xlpm.custom),100),100),_xlpm.nutrient,_xlfn.XLOOKUP(_xlpm.food,_xlpm.names,FoodLibrary[Carbs / 100g],0),IF(OR(_xlpm.food="",_xlpm.g=""),0,IFERROR(_xlpm.g*_xlpm.nutrient/_xlpm.base,0)))} -> 0 | F55: {=_xlfn.LET(_xlpm.food,TRIM(DailyIntake[[#This Row],[Food Name]]),_xlpm.g,DailyIntake[[#This Row],[Grams]],_xlpm.names,FoodLibrary[Lookup Key],_xlpm.custom,_xlfn.XLOOKUP(_xlpm.food,_xlpm.names,FoodLibrary[Custom],""),_xlpm.base,IFERROR(IF(VALUE(_xlpm.custom)>0,VALUE(_xlpm.custom),100),100),_xlpm.nutrient,_xlfn.XLOOKUP(_xlpm.food,_xlpm.names,FoodLibrary[Protein / 100g],0),IF(OR(_xlpm.food="",_xlpm.g=""),0,IFERROR(_xlpm.g*_xlpm.nutrient/_xlpm.base,0)))} -> 0 | G55: {=_xlfn.LET(_xlpm.food,TRIM(DailyIntake[[#This Row],[Food Name]]),_xlpm.g,DailyIntake[[#This Row],[Grams]],_xlpm.names,FoodLibrary[Lookup Key],_xlpm.custom,_xlfn.XLOOKUP(_xlpm.food,_xlpm.names,FoodLibrary[Custom],""),_xlpm.base,IFERROR(IF(VALUE(_xlpm.custom)>0,VALUE(_xlpm.custom),100),100),_xlpm.nutrient,_xlfn.XLOOKUP(_xlpm.food,_xlpm.names,FoodLibrary[Fat / 100g],0),IF(OR(_xlpm.food="",_xlpm.g=""),0,IFERROR(_xlpm.g*_xlpm.nutrient/_xlpm.base,0)))} -> 0 | I55: {=_xlfn.LET(_xlpm.food,TRIM(DailyIntake[[#This Row],[Food Name]]),_xlpm.names,FoodLibrary[Lookup Key],_xlpm.custom,_xlfn.XLOOKUP(_xlpm.food,_xlpm.names,FoodLibrary[Custom],""),_xlpm.base,IFERROR(VALUE(_xlpm.custom),0),IF(_xlpm.food="","",IF(_xlpm.base>0,"Food Library custom","Food Library /100g")))}
A56: Meal 4 | D56: {=_xlfn.LET(_xlpm.food,TRIM(DailyIntake[[#This Row],[Food Name]]),_xlpm.g,DailyIntake[[#This Row],[Grams]],_xlpm.names,FoodLibrary[Lookup Key],_xlpm.custom,_xlfn.XLOOKUP(_xlpm.food,_xlpm.names,FoodLibrary[Custom],""),_xlpm.base,IFERROR(IF(VALUE(_xlpm.custom)>0,VALUE(_xlpm.custom),100),100),_xlpm.nutrient,_xlfn.XLOOKUP(_xlpm.food,_xlpm.names,FoodLibrary[Calories / 100g],0),IF(OR(_xlpm.food="",_xlpm.g=""),0,IFERROR(_xlpm.g*_xlpm.nutrient/_xlpm.base,0)))} -> 0 | E56: {=_xlfn.LET(_xlpm.food,TRIM(DailyIntake[[#This Row],[Food Name]]),_xlpm.g,DailyIntake[[#This Row],[Grams]],_xlpm.names,FoodLibrary[Lookup Key],_xlpm.custom,_xlfn.XLOOKUP(_xlpm.food,_xlpm.names,FoodLibrary[Custom],""),_xlpm.base,IFERROR(IF(VALUE(_xlpm.custom)>0,VALUE(_xlpm.custom),100),100),_xlpm.nutrient,_xlfn.XLOOKUP(_xlpm.food,_xlpm.names,FoodLibrary[Carbs / 100g],0),IF(OR(_xlpm.food="",_xlpm.g=""),0,IFERROR(_xlpm.g*_xlpm.nutrient/_xlpm.base,0)))} -> 0 | F56: {=_xlfn.LET(_xlpm.food,TRIM(DailyIntake[[#This Row],[Food Name]]),_xlpm.g,DailyIntake[[#This Row],[Grams]],_xlpm.names,FoodLibrary[Lookup Key],_xlpm.custom,_xlfn.XLOOKUP(_xlpm.food,_xlpm.names,FoodLibrary[Custom],""),_xlpm.base,IFERROR(IF(VALUE(_xlpm.custom)>0,VALUE(_xlpm.custom),100),100),_xlpm.nutrient,_xlfn.XLOOKUP(_xlpm.food,_xlpm.names,FoodLibrary[Protein / 100g],0),IF(OR(_xlpm.food="",_xlpm.g=""),0,IFERROR(_xlpm.g*_xlpm.nutrient/_xlpm.base,0)))} -> 0 | G56: {=_xlfn.LET(_xlpm.food,TRIM(DailyIntake[[#This Row],[Food Name]]),_xlpm.g,DailyIntake[[#This Row],[Grams]],_xlpm.names,FoodLibrary[Lookup Key],_xlpm.custom,_xlfn.XLOOKUP(_xlpm.food,_xlpm.names,FoodLibrary[Custom],""),_xlpm.base,IFERROR(IF(VALUE(_xlpm.custom)>0,VALUE(_xlpm.custom),100),100),_xlpm.nutrient,_xlfn.XLOOKUP(_xlpm.food,_xlpm.names,FoodLibrary[Fat / 100g],0),IF(OR(_xlpm.food="",_xlpm.g=""),0,IFERROR(_xlpm.g*_xlpm.nutrient/_xlpm.base,0)))} -> 0 | I56: {=_xlfn.LET(_xlpm.food,TRIM(DailyIntake[[#This Row],[Food Name]]),_xlpm.names,FoodLibrary[Lookup Key],_xlpm.custom,_xlfn.XLOOKUP(_xlpm.food,_xlpm.names,FoodLibrary[Custom],""),_xlpm.base,IFERROR(VALUE(_xlpm.custom),0),IF(_xlpm.food="","",IF(_xlpm.base>0,"Food Library custom","Food Library /100g")))}
A57: Meal 4 | D57: {=_xlfn.LET(_xlpm.food,TRIM(DailyIntake[[#This Row],[Food Name]]),_xlpm.g,DailyIntake[[#This Row],[Grams]],_xlpm.names,FoodLibrary[Lookup Key],_xlpm.custom,_xlfn.XLOOKUP(_xlpm.food,_xlpm.names,FoodLibrary[Custom],""),_xlpm.base,IFERROR(IF(VALUE(_xlpm.custom)>0,VALUE(_xlpm.custom),100),100),_xlpm.nutrient,_xlfn.XLOOKUP(_xlpm.food,_xlpm.names,FoodLibrary[Calories / 100g],0),IF(OR(_xlpm.food="",_xlpm.g=""),0,IFERROR(_xlpm.g*_xlpm.nutrient/_xlpm.base,0)))} -> 0 | E57: {=_xlfn.LET(_xlpm.food,TRIM(DailyIntake[[#This Row],[Food Name]]),_xlpm.g,DailyIntake[[#This Row],[Grams]],_xlpm.names,FoodLibrary[Lookup Key],_xlpm.custom,_xlfn.XLOOKUP(_xlpm.food,_xlpm.names,FoodLibrary[Custom],""),_xlpm.base,IFERROR(IF(VALUE(_xlpm.custom)>0,VALUE(_xlpm.custom),100),100),_xlpm.nutrient,_xlfn.XLOOKUP(_xlpm.food,_xlpm.names,FoodLibrary[Carbs / 100g],0),IF(OR(_xlpm.food="",_xlpm.g=""),0,IFERROR(_xlpm.g*_xlpm.nutrient/_xlpm.base,0)))} -> 0 | F57: {=_xlfn.LET(_xlpm.food,TRIM(DailyIntake[[#This Row],[Food Name]]),_xlpm.g,DailyIntake[[#This Row],[Grams]],_xlpm.names,FoodLibrary[Lookup Key],_xlpm.custom,_xlfn.XLOOKUP(_xlpm.food,_xlpm.names,FoodLibrary[Custom],""),_xlpm.base,IFERROR(IF(VALUE(_xlpm.custom)>0,VALUE(_xlpm.custom),100),100),_xlpm.nutrient,_xlfn.XLOOKUP(_xlpm.food,_xlpm.names,FoodLibrary[Protein / 100g],0),IF(OR(_xlpm.food="",_xlpm.g=""),0,IFERROR(_xlpm.g*_xlpm.nutrient/_xlpm.base,0)))} -> 0 | G57: {=_xlfn.LET(_xlpm.food,TRIM(DailyIntake[[#This Row],[Food Name]]),_xlpm.g,DailyIntake[[#This Row],[Grams]],_xlpm.names,FoodLibrary[Lookup Key],_xlpm.custom,_xlfn.XLOOKUP(_xlpm.food,_xlpm.names,FoodLibrary[Custom],""),_xlpm.base,IFERROR(IF(VALUE(_xlpm.custom)>0,VALUE(_xlpm.custom),100),100),_xlpm.nutrient,_xlfn.XLOOKUP(_xlpm.food,_xlpm.names,FoodLibrary[Fat / 100g],0),IF(OR(_xlpm.food="",_xlpm.g=""),0,IFERROR(_xlpm.g*_xlpm.nutrient/_xlpm.base,0)))} -> 0 | I57: {=_xlfn.LET(_xlpm.food,TRIM(DailyIntake[[#This Row],[Food Name]]),_xlpm.names,FoodLibrary[Lookup Key],_xlpm.custom,_xlfn.XLOOKUP(_xlpm.food,_xlpm.names,FoodLibrary[Custom],""),_xlpm.base,IFERROR(VALUE(_xlpm.custom),0),IF(_xlpm.food="","",IF(_xlpm.base>0,"Food Library custom","Food Library /100g")))}

Sheet Food Library
A1: 🥗 Food Library
A2: Standalone food database for calories and macros per 100g. Add new foods at the bottom of the table.
A6: Food Name | B6: Custom | C6: Calories / 100g | D6: Carbs / 100g | E6: Protein / 100g | F6: Fat / 100g | G6: Lookup Key
A7: NTUC Instant Oatmeal | C7: 383 | D7: 58 | E7: 12.1 | F7: 9 | G7: =IF(FoodLibrary[[#This Row],[Food Name]]="","",TRIM(FoodLibrary[[#This Row],[Food Name]])) -> NTUC Instant Oatmeal
A8: Optimum Protein Powder | C8: 391.44737 | D8: 9.8684211 | E8: 78.947368 | F8: 3.2894737 | G8: =IF(FoodLibrary[[#This Row],[Food Name]]="","",TRIM(FoodLibrary[[#This Row],[Food Name]])) -> Optimum Protein Powder
A9: Chobani Greek | C9: 55.625 | D9: 4 | E9: 9.3125 | F9: 0.1875 | G9: =IF(FoodLibrary[[#This Row],[Food Name]]="","",TRIM(FoodLibrary[[#This Row],[Food Name]])) -> Chobani Greek
A10: Avocado | C10: 160.199 | D10: 8.4577114 | E10: 1.9900498 | F10: 14.427861 | G10: =IF(FoodLibrary[[#This Row],[Food Name]]="","",TRIM(FoodLibrary[[#This Row],[Food Name]])) -> Avocado
A11: Strawberry | C11: 32 | D11: 7.68 | E11: 0.68 | F11: 0.3 | G11: =IF(FoodLibrary[[#This Row],[Food Name]]="","",TRIM(FoodLibrary[[#This Row],[Food Name]])) -> Strawberry
A12: Japanese Rice | C12: 349 | D12: 78.6 | E12: 5.6 | F12: 1 | G12: =IF(FoodLibrary[[#This Row],[Food Name]]="","",TRIM(FoodLibrary[[#This Row],[Food Name]])) -> Japanese Rice
A13: Rice Cracker | C13: 376.64 | D13: 70.4 | E13: 6.4 | F13: 8 | G13: =IF(FoodLibrary[[#This Row],[Food Name]]="","",TRIM(FoodLibrary[[#This Row],[Food Name]])) -> Rice Cracker
A14: Havest Oat | C14: 388 | D14: 60.4 | E14: 14.5 | F14: 7.7 | G14: =IF(FoodLibrary[[#This Row],[Food Name]]="","",TRIM(FoodLibrary[[#This Row],[Food Name]])) -> Havest Oat
A15: NTUC Oat | C15: 388 | D15: 60.4 | E15: 14.5 | F15: 7.7 | G15: =IF(FoodLibrary[[#This Row],[Food Name]]="","",TRIM(FoodLibrary[[#This Row],[Food Name]])) -> NTUC Oat
A16: Mixed Berries | C16: 43.26 | D16: 6.4 | E16: 1 | F16: 0.2 | G16: =IF(FoodLibrary[[#This Row],[Food Name]]="","",TRIM(FoodLibrary[[#This Row],[Food Name]])) -> Mixed Berries
A17: Blueberry | C17: 50.967742 | D17: 12.193548 | E17: 0.4516129 | F17: 0.64516129 | G17: =IF(FoodLibrary[[#This Row],[Food Name]]="","",TRIM(FoodLibrary[[#This Row],[Food Name]])) -> Blueberry
A18: Egg White | C18: 48 | D18: 0 | E18: 11 | F18: 0 | G18: =IF(FoodLibrary[[#This Row],[Food Name]]="","",TRIM(FoodLibrary[[#This Row],[Food Name]])) -> Egg White
... A53: Scallops | C53: 72.992701 | D53: 6 | E53: 24 | F53: 1 | G53: =IF(FoodLibrary[[#This Row],[Food Name]]="","",TRIM(FoodLibrary[[#This Row],[Food Name]])) -> Scallops
A54: Rice Cake - Car | B54: 13 | C54: 50 | D54: 11 | E54: 1 | F54: 0 | G54: =IF(FoodLibrary[[#This Row],[Food Name]]="","",TRIM(FoodLibrary[[#This Row],[Food Name]])) -> Rice Cake - Car
A55: Heinz No Sugar Ketchup | B55: 16 | C55: 10 | D55: 1 | E55: 0 | F55: 0 | G55: =IF(FoodLibrary[[#This Row],[Food Name]]="","",TRIM(FoodLibrary[[#This Row],[Food Name]])) -> Heinz No Sugar Ketchup
A56: Prawn | C56: 76 | D56: 0 | E56: 18 | F56: 1 | G56: =IF(FoodLibrary[[#This Row],[Food Name]]="","",TRIM(FoodLibrary[[#This Row],[Food Name]])) -> Prawn
A57: Ma Po To Fu | C57: 361 | D57: 6 | E57: 6 | F57: 35.4 | G57: =IF(FoodLibrary[[#This Row],[Food Name]]="","",TRIM(FoodLibrary[[#This Row],[Food Name]])) -> Ma Po To Fu
A58: Quest Cookies | B58: 52 | C58: 150 | D58: 23 | E58: 18 | F58: 6 | G58: =IF(FoodLibrary[[#This Row],[Food Name]]="","",TRIM(FoodLibrary[[#This Row],[Food Name]])) -> Quest Cookies
A59: Creatine Blueberry | B59: 6 | C59: 5 | D59: 1 | E59: 0 | F59: 0 | G59: =IF(FoodLibrary[[#This Row],[Food Name]]="","",TRIM(FoodLibrary[[#This Row],[Food Name]])) -> Creatine Blueberry
A60: Optimum Amino/Electrolyde | B60: 9 | C60: 4 | D60: 1 | E60: 0 | F60: 0 | G60: =IF(FoodLibrary[[#This Row],[Food Name]]="","",TRIM(FoodLibrary[[#This Row],[Food Name]])) -> Optimum Amino/Electrolyde
A61: Golden Curry | B61: 18 | C61: 90 | D61: 9 | E61: 1 | F61: 5 | G61: =IF(FoodLibrary[[#This Row],[Food Name]]="","",TRIM(FoodLibrary[[#This Row],[Food Name]])) -> Golden Curry
A62: Russet Potatoes | B62: 148 | C62: 110 | D62: 26 | E62: 2 | F62: 0 | G62: =IF(FoodLibrary[[#This Row],[Food Name]]="","",TRIM(FoodLibrary[[#This Row],[Food Name]])) -> Russet Potatoes
A63: Log Cabin Honey | B63: 30 | C63: 10 | D63: 4 | E63: 0 | G63: =IF(FoodLibrary[[#This Row],[Food Name]]="","",TRIM(FoodLibrary[[#This Row],[Food Name]])) -> Log Cabin Honey
A64: McSpicy | B64: 1 | C64: 541 | D64: 50 | E64: 23 | F64: 28 | G64: =IF(FoodLibrary[[#This Row],[Food Name]]="","",TRIM(FoodLibrary[[#This Row],[Food Name]])) -> McSpicy
A65: McNuggets | B65: 1 | C65: 273 | D65: 17 | E65: 14 | F65: 16 | G65: =IF(FoodLibrary[[#This Row],[Food Name]]="","",TRIM(FoodLibrary[[#This Row],[Food Name]])) -> McNuggets
A66: Corn Jr | B66: 1 | C66: 66 | D66: 12 | E66: 2 | F66: 1 | G66: =IF(FoodLibrary[[#This Row],[Food Name]]="","",TRIM(FoodLibrary[[#This Row],[Food Name]])) -> Corn Jr
A67: McWing 2 pc | B67: 1 | C67: 302 | D67: 12 | E67: 17 | F67: 20 | G67: =IF(FoodLibrary[[#This Row],[Food Name]]="","",TRIM(FoodLibrary[[#This Row],[Food Name]])) -> McWing 2 pc
A68: Mee Rebus | B68: 1 | C68: 570 | D68: 75 | E68: 21 | F68: 17 | G68: =IF(FoodLibrary[[#This Row],[Food Name]]="","",TRIM(FoodLibrary[[#This Row],[Food Name]])) -> Mee Rebus
A69: Coffee | B69: 1 | C69: 40 | D69: 4.6 | E69: 1.4 | F69: 1.6 | G69: =IF(FoodLibrary[[#This Row],[Food Name]]="","",TRIM(FoodLibrary[[#This Row],[Food Name]])) -> Coffee
A70: Golden Chef Abalone | C70: 58 | D70: 1.8 | E70: 13.2 | F70: 0.4 | G70: =IF(FoodLibrary[[#This Row],[Food Name]]="","",TRIM(FoodLibrary[[#This Row],[Food Name]])) -> Golden Chef Abalone
A71: Rice Cake Choco | B71: 15 | C71: 60 | D71: 12 | E71: 1 | F71: 1 | G71: =IF(FoodLibrary[[#This Row],[Food Name]]="","",TRIM(FoodLibrary[[#This Row],[Food Name]])) -> Rice Cake Choco
A72: Miso | C72: 201 | D72: 0 | E72: 10.2 | F72: 5.45 | G72: =IF(FoodLibrary[[#This Row],[Food Name]]="","",TRIM(FoodLibrary[[#This Row],[Food Name]])) -> Miso
A73: KFC sambal | B73: 1 | C73: 700 | G73: =IF(FoodLibrary[[#This Row],[Food Name]]="","",TRIM(FoodLibrary[[#This Row],[Food Name]])) -> KFC sambal
A74: KFC Corn | B74: 1 | C74: 48 | G74: =IF(FoodLibrary[[#This Row],[Food Name]]="","",TRIM(FoodLibrary[[#This Row],[Food Name]])) -> KFC Corn
A75: KFC Whipped potato | B75: 1 | C75: 51 | G75: =IF(FoodLibrary[[#This Row],[Food Name]]="","",TRIM(FoodLibrary[[#This Row],[Food Name]])) -> KFC Whipped potato
A76: Jumbo Salted egg | B76: 1 | C76: 80 | G76: =IF(FoodLibrary[[#This Row],[Food Name]]="","",TRIM(FoodLibrary[[#This Row],[Food Name]])) -> Jumbo Salted egg
A77: Jumbo Pork Rib Moca | B77: 1 | C77: 300 | G77: =IF(FoodLibrary[[#This Row],[Food Name]]="","",TRIM(FoodLibrary[[#This Row],[Food Name]])) -> Jumbo Pork Rib Moca
A78: Jumbo Black Pepper | B78: 1 | C78: 300 | G78: =IF(FoodLibrary[[#This Row],[Food Name]]="","",TRIM(FoodLibrary[[#This Row],[Food Name]])) -> Jumbo Black Pepper
A79: Jumbo White rice | B79: 1 | C79: 135 | G79: =IF(FoodLibrary[[#This Row],[Food Name]]="","",TRIM(FoodLibrary[[#This Row],[Food Name]])) -> Jumbo White rice
A80: Pork Chop Fried Rice | B80: 1 | C80: 1000 | G80: =IF(FoodLibrary[[#This Row],[Food Name]]="","",TRIM(FoodLibrary[[#This Row],[Food Name]])) -> Pork Chop Fried Rice
A81: Ramen Sapporo Green | B81: 1 | C81: 297 | D81: 54.6 | E81: 12.1 | F81: 3.4 | G81: =IF(FoodLibrary[[#This Row],[Food Name]]="","",TRIM(FoodLibrary[[#This Row],[Food Name]])) -> Ramen Sapporo Green
A82: Ramen Sapporo Orange | B82: 1 | C82: 310 | D82: 61 | E82: 12 | F82: 2.5 | G82: =IF(FoodLibrary[[#This Row],[Food Name]]="","",TRIM(FoodLibrary[[#This Row],[Food Name]])) -> Ramen Sapporo Orange
A83: Ramen Tokyo | B83: 1 | C83: 290 | D83: 57 | E83: 11 | F83: 2 | G83: =IF(FoodLibrary[[#This Row],[Food Name]]="","",TRIM(FoodLibrary[[#This Row],[Food Name]])) -> Ramen Tokyo
A84: Ramen Jiu Zhong | B84: 1 | C84: 335 | D84: 58.4 | E84: 12.4 | F84: 5.7 | G84: =IF(FoodLibrary[[#This Row],[Food Name]]="","",TRIM(FoodLibrary[[#This Row],[Food Name]])) -> Ramen Jiu Zhong
A85: Minced Chicken Breast | B85: 100 | C85: 132 | D85: 0 | E85: 18.3 | F85: 6.5 | G85: =IF(FoodLibrary[[#This Row],[Food Name]]="","",TRIM(FoodLibrary[[#This Row],[Food Name]])) -> Minced Chicken Breast
A86: Ramen Jas | B86: 1 | C86: 301 | D86: 54 | E86: 11.9 | F86: 4.2 | G86: =IF(FoodLibrary[[#This Row],[Food Name]]="","",TRIM(FoodLibrary[[#This Row],[Food Name]])) -> Ramen Jas
A87: Ramen Pua | B87: 1 | C87: 306 | D87: 54.7 | E87: 10.7 | F87: 4.9 | G87: =IF(FoodLibrary[[#This Row],[Food Name]]="","",TRIM(FoodLibrary[[#This Row],[Food Name]])) -> Ramen Pua
A88: Din Tai Fung | B88: 1 | C88: 1281.5 | G88: =IF(FoodLibrary[[#This Row],[Food Name]]="","",TRIM(FoodLibrary[[#This Row],[Food Name]])) -> Din Tai Fung
A89: Song Fa | B89: 1 | C89: 900 | G89: =IF(FoodLibrary[[#This Row],[Food Name]]="","",TRIM(FoodLibrary[[#This Row],[Food Name]])) -> Song Fa
A90: Home Food | B90: 1 | C90: 900 | G90: =IF(FoodLibrary[[#This Row],[Food Name]]="","",TRIM(FoodLibrary[[#This Row],[Food Name]])) -> Home Food
A91: Miso Remen | B91: 1 | C91: 310 | D91: 61 | E91: 12 | F91: 2.5 | G91: =IF(FoodLibrary[[#This Row],[Food Name]]="","",TRIM(FoodLibrary[[#This Row],[Food Name]])) -> Miso Remen
A92: King of fried rice | B92: 1 | C92: 880 | D92: 100 | E92: 35 | F92: 38 | G92: =IF(FoodLibrary[[#This Row],[Food Name]]="","",TRIM(FoodLibrary[[#This Row],[Food Name]])) -> King of fried rice
A93: Ramen Bue | B93: 1 | C93: 318 | D93: 55.3 | E93: 12.3 | F93: 5.3 | G93: =IF(FoodLibrary[[#This Row],[Food Name]]="","",TRIM(FoodLibrary[[#This Row],[Food Name]])) -> Ramen Bue
A94: Shiok Hokkien Mee | B94: 1 | C94: 1.31 | D94: 0.152 | E94: 0.052 | F94: 0.055 | G94: =IF(FoodLibrary[[#This Row],[Food Name]]="","",TRIM(FoodLibrary[[#This Row],[Food Name]])) -> Shiok Hokkien Mee
G95: =IF(FoodLibrary[[#This Row],[Food Name]]="","",TRIM(FoodLibrary[[#This Row],[Food Name]]))
G96: =IF(FoodLibrary[[#This Row],[Food Name]]="","",TRIM(FoodLibrary[[#This Row],[Food Name]]))
G97: =IF(FoodLibrary[[#This Row],[Food Name]]="","",TRIM(FoodLibrary[[#This Row],[Food Name]]))
G98: =IF(FoodLibrary[[#This Row],[Food Name]]="","",TRIM(FoodLibrary[[#This Row],[Food Name]]))
G99: =IF(FoodLibrary[[#This Row],[Food Name]]="","",TRIM(FoodLibrary[[#This Row],[Food Name]]))
G100: =IF(FoodLibrary[[#This Row],[Food Name]]="","",TRIM(FoodLibrary[[#This Row],[Food Name]]))

Sheet MaintenanceReport20261016(60)
A1: 📈 Bulk Progress Report
A2: Tracks bulk progress from Macro Goals dates and surplus. The matching Daily Intake date pulls calories/macros automatically.
A4: Start Date | B4: 46311 | C4: End Date | D4: 46370 | E4: Duration | F4: 60 | G4: Maintenance kcal | H4: ='Macro Goals'!B16 -> 2431 | I4: Bulk Target kcal | J4: ='Macro Goals'!B18 -> 2553 | K4: Planned Surplus | L4: =J4-H4 -> 122 | M4: Daily Intake Date | N4: 46318 | O4: =IF(COUNTIF(B7:B66,N4)>0,"Matched","No matching date") -> Matched
A6: Day | B6: Date | C6: Meal 1 kcal | D6: Meal 2 kcal | E6: Meal 3 kcal | F6: Meal 4 kcal | G6: Calories | H6: Carbs (g) | I6: Protein (g) | J6: Fat (g) | K6: Target Calories | L6: Actual Surplus | M6: Cumulative Surplus | N6: Est. Gain (kg) | O6: Progress % | P6: Weight | Q6: Growth
B7: 46311 | C7: 673.65421 | D7: 469.44 | E7: 619.35181 | F7: 614.14 | G7: 2376.586 | H7: 271.35139 | I7: 187.40192 | J7: 49.140184 | Q7: =IFERROR(('MaintenanceReport20261016(60)'!P7-'MaintenanceReport20261016(60)'!P6)/'MaintenanceReport20261016(60)'!P6,"")
B8: 46312 | C8: 673.65421 | D8: 440.64 | E8: 637.40181 | F8: 667.33 | G8: 2419.026 | H8: 286.33139 | I8: 186.12803 | J8: 46.91774 | Q8: =IFERROR(('MaintenanceReport20261016(60)'!P8-'MaintenanceReport20261016(60)'!P7)/'MaintenanceReport20261016(60)'!P7,"")
B9: 46313 | C9: 698.93368 | D9: 454.77 | E9: 637.40181 | F9: 635.48 | G9: 2426.5855 | H9: 291.60207 | I9: 191.39689 | J9: 43.407579 | Q9: =IFERROR(('MaintenanceReport20261016(60)'!P9-'MaintenanceReport20261016(60)'!P8)/'MaintenanceReport20261016(60)'!P8,"")
B10: 46314 | C10: 655.01921 | D10: 437.58 | E10: 900 | F10: 510.61921 | G10: 2503.2184 | H10: 206.55439 | I10: 125.50942 | J10: 20.674684 | Q10: =IFERROR(('MaintenanceReport20261016(60)'!P10-'MaintenanceReport20261016(60)'!P9)/'MaintenanceReport20261016(60)'!P9,"")
B11: 46315 | C11: 655.01921 | D11: 438.675 | E11: 740.94947 | F11: 655.01921 | G11: 2489.6629 | H11: 305.07807 | I11: 203.60889 | J11: 40.062579 | Q11: =IFERROR(('MaintenanceReport20261016(60)'!P11-'MaintenanceReport20261016(60)'!P10)/'MaintenanceReport20261016(60)'!P10,"")
B12: 46316 | Q12: =IFERROR(('MaintenanceReport20261016(60)'!P12-'MaintenanceReport20261016(60)'!P11)/'MaintenanceReport20261016(60)'!P11,"")
B13: 46317 | C13: 695.01921 | D13: 448.06 | E13: 655.01921 | F13: 655.01921 | G13: 2453.1176 | H13: 318.24158 | I13: 183.59413 | J13: 34.577026 | Q13: =IFERROR(('MaintenanceReport20261016(60)'!P13-'MaintenanceReport20261016(60)'!P12)/'MaintenanceReport20261016(60)'!P12,"")
B14: 46318 | C14: 695.01921 | D14: 425.5 | E14: 655.01921 | F14: 655.01921 | G14: 2430.5576 | H14: 305.00158 | I14: 184.12013 | J14: 36.613026 | Q14: =IFERROR(('MaintenanceReport20261016(60)'!P14-'MaintenanceReport20261016(60)'!P13)/'MaintenanceReport20261016(60)'!P13,"")
B15: 46319 | Q15: =IFERROR(('MaintenanceReport20261016(60)'!P15-'MaintenanceReport20261016(60)'!P14)/'MaintenanceReport20261016(60)'!P14,"")
B16: 46320 | Q16: =IFERROR(('MaintenanceReport20261016(60)'!P16-'MaintenanceReport20261016(60)'!P15)/'MaintenanceReport20261016(60)'!P15,"")
B17: 46321 | Q17: =IFERROR(('MaintenanceReport20261016(60)'!P17-'MaintenanceReport20261016(60)'!P16)/'MaintenanceReport20261016(60)'!P16,"")
B18: 46322 | Q18: =IFERROR(('MaintenanceReport20261016(60)'!P18-'MaintenanceReport20261016(60)'!P17)/'MaintenanceReport20261016(60)'!P17,"")
B19: 46323 | Q19: =IFERROR(('MaintenanceReport20261016(60)'!P19-'MaintenanceReport20261016(60)'!P18)/'MaintenanceReport20261016(60)'!P18,"")
B20: 46324 | Q20: =IFERROR(('MaintenanceReport20261016(60)'!P20-'MaintenanceReport20261016(60)'!P19)/'MaintenanceReport20261016(60)'!P19,"")
B21: 46325 | Q21: =IFERROR(('MaintenanceReport20261016(60)'!P21-'MaintenanceReport20261016(60)'!P20)/'MaintenanceReport20261016(60)'!P20,"")
B22: 46326 | Q22: =IFERROR(('MaintenanceReport20261016(60)'!P22-'MaintenanceReport20261016(60)'!P21)/'MaintenanceReport20261016(60)'!P21,"")
B23: 46327 | Q23: =IFERROR(('MaintenanceReport20261016(60)'!P23-'MaintenanceReport20261016(60)'!P22)/'MaintenanceReport20261016(60)'!P22,"")
B24: 46328 | Q24: =IFERROR(('MaintenanceReport20261016(60)'!P24-'MaintenanceReport20261016(60)'!P23)/'MaintenanceReport20261016(60)'!P23,"")
B25: 46329 | Q25: =IFERROR(('MaintenanceReport20261016(60)'!P25-'MaintenanceReport20261016(60)'!P24)/'MaintenanceReport20261016(60)'!P24,"")
B26: 46330 | Q26: =IFERROR(('MaintenanceReport20261016(60)'!P26-'MaintenanceReport20261016(60)'!P25)/'MaintenanceReport20261016(60)'!P25,"")
... B66: 46370 | Q66: =IFERROR(('MaintenanceReport20261016(60)'!P66-'MaintenanceReport20261016(60)'!P65)/'MaintenanceReport20261016(60)'!P65,"")
